,driverId,driverRef,number,code,name,dob,nationality,url
0,1,hamilton,44,HAM,Lewis Hamilton,1985-01-07,British,http://en.wikipedia.org/wiki/Lewis_Hamilton
1,2,heidfeld,Null,HEI,Nick Heidfeld,1977-05-10,German,http://en.wikipedia.org/wiki/Nick_Heidfeld
2,3,rosberg,6,ROS,Nico Rosberg,1985-06-27,German,http://en.wikipedia.org/wiki/Nico_Rosberg
3,4,alonso,14,ALO,Fernando Alonso,1981-07-29,Spanish,http://en.wikipedia.org/wiki/Fernando_Alonso
4,5,kovalainen,Null,KOV,Heikki Kovalainen,1981-10-19,Finnish,http://en.wikipedia.org/wiki/Heikki_Kovalainen
5,6,nakajima,Null,NAK,Kazuki Nakajima,1985-01-11,Japanese,http://en.wikipedia.org/wiki/Kazuki_Nakajima
6,7,bourdais,Null,BOU,Sébastien Bourdais,1979-02-28,French,http://en.wikipedia.org/wiki/S%C3%A9bastien_Bourdais
7,8,raikkonen,7,RAI,Kimi Räikkönen,1979-10-17,Finnish,http://en.wikipedia.org/wiki/Kimi_R%C3%A4ikk%C3%B6nen
8,9,kubica,88,KUB,Robert Kubica,1984-12-07,Polish,http://en.wikipedia.org/wiki/Robert_Kubica
9,10,glock,Null,GLO,Timo Glock,1982-03-18,German,http://en.wikipedia.org/wiki/Timo_Glock
10,11,sato,Null,SAT,Takuma Sato,1977-01-28,Japanese,http://en.wikipedia.org/wiki/Takuma_Sato
11,12,piquet_jr,Null,PIQ,Nelson Piquet Jr.,1985-07-25,Brazilian,http://en.wikipedia.org/wiki/Nelson_Piquet_Jr.
12,13,massa,19,MAS,Felipe Massa,1981-04-25,Brazilian,http://en.wikipedia.org/wiki/Felipe_Massa
13,14,coulthard,Null,COU,David Coulthard,1971-03-27,British,http://en.wikipedia.org/wiki/David_Coulthard
14,15,trulli,Null,TRU,Jarno Trulli,1974-07-13,Italian,http://en.wikipedia.org/wiki/Jarno_Trulli
15,16,sutil,99,SUT,Adrian Sutil,1983-01-11,German,http://en.wikipedia.org/wiki/Adrian_Sutil
16,17,webber,Null,WEB,Mark Webber,1976-08-27,Australian,http://en.wikipedia.org/wiki/Mark_Webber
17,18,button,22,BUT,Jenson Button,1980-01-19,British,http://en.wikipedia.org/wiki/Jenson_Button
18,19,davidson,Null,DAV,Anthony Davidson,1979-04-18,British,http://en.wikipedia.org/wiki/Anthony_Davidson
19,20,vettel,5,VET,Sebastian Vettel,1987-07-03,German,http://en.wikipedia.org/wiki/Sebastian_Vettel
20,21,fisichella,Null,FIS,Giancarlo Fisichella,1973-01-14,Italian,http://en.wikipedia.org/wiki/Giancarlo_Fisichella
21,22,barrichello,Null,BAR,Rubens Barrichello,1972-05-23,Brazilian,http://en.wikipedia.org/wiki/Rubens_Barrichello
22,23,ralf_schumacher,Null,SCH,Ralf Schumacher,1975-06-30,German,http://en.wikipedia.org/wiki/Ralf_Schumacher
23,24,liuzzi,Null,LIU,Vitantonio Liuzzi,1980-08-06,Italian,http://en.wikipedia.org/wiki/Vitantonio_Liuzzi
24,25,wurz,Null,WUR,Alexander Wurz,1974-02-15,Austrian,http://en.wikipedia.org/wiki/Alexander_Wurz
25,26,speed,Null,SPE,Scott Speed,1983-01-24,American,http://en.wikipedia.org/wiki/Scott_Speed
26,27,albers,Null,ALB,Christijan Albers,1979-04-16,Dutch,http://en.wikipedia.org/wiki/Christijan_Albers
27,28,markus_winkelhock,Null,WIN,Markus Winkelhock,1980-06-13,German,http://en.wikipedia.org/wiki/Markus_Winkelhock
28,29,yamamoto,Null,YAM,Sakon Yamamoto,1982-07-09,Japanese,http://en.wikipedia.org/wiki/Sakon_Yamamoto
29,30,michael_schumacher,Null,MSC,Michael Schumacher,1969-01-03,German,http://en.wikipedia.org/wiki/Michael_Schumacher
30,31,montoya,Null,MON,Juan Pablo Montoya,1975-09-20,Colombian,http://en.wikipedia.org/wiki/Juan_Pablo_Montoya
31,32,klien,Null,KLI,Christian Klien,1983-02-07,Austrian,http://en.wikipedia.org/wiki/Christian_Klien
32,33,monteiro,Null,TMO,Tiago Monteiro,1976-07-24,Portuguese,http://en.wikipedia.org/wiki/Tiago_Monteiro
33,34,ide,Null,IDE,Yuji Ide,1975-01-21,Japanese,http://en.wikipedia.org/wiki/Yuji_Ide
34,35,villeneuve,Null,VIL,Jacques Villeneuve,1971-04-09,Canadian,http://en.wikipedia.org/wiki/Jacques_Villeneuve
35,36,montagny,Null,FMO,Franck Montagny,1978-01-05,French,http://en.wikipedia.org/wiki/Franck_Montagny
36,37,rosa,Null,DLR,Pedro de la Rosa,1971-02-24,Spanish,http://en.wikipedia.org/wiki/Pedro_de_la_Rosa
37,38,doornbos,Null,DOO,Robert Doornbos,1981-09-23,Dutch,http://en.wikipedia.org/wiki/Robert_Doornbos
38,39,karthikeyan,Null,KAR,Narain Karthikeyan,1977-01-14,Indian,http://en.wikipedia.org/wiki/Narain_Karthikeyan
39,40,friesacher,Null,FRI,Patrick Friesacher,1980-09-26,Austrian,http://en.wikipedia.org/wiki/Patrick_Friesacher
40,41,zonta,Null,ZON,Ricardo Zonta,1976-03-23,Brazilian,http://en.wikipedia.org/wiki/Ricardo_Zonta
41,42,pizzonia,Null,PIZ,Antônio Pizzonia,1980-09-11,Brazilian,http://en.wikipedia.org/wiki/Ant%C3%B4nio_Pizzonia
42,43,matta,Null,\N,Cristiano da Matta,1973-09-19,Brazilian,http://en.wikipedia.org/wiki/Cristiano_da_Matta
43,44,panis,Null,\N,Olivier Panis,1966-09-02,French,http://en.wikipedia.org/wiki/Olivier_Panis
44,45,pantano,Null,\N,Giorgio Pantano,1979-02-04,Italian,http://en.wikipedia.org/wiki/Giorgio_Pantano
45,46,bruni,Null,\N,Gianmaria Bruni,1981-05-30,Italian,http://en.wikipedia.org/wiki/Gianmaria_Bruni
46,47,baumgartner,Null,\N,Zsolt Baumgartner,1981-01-01,Hungarian,http://en.wikipedia.org/wiki/Zsolt_Baumgartner
47,48,gene,Null,\N,Marc Gené,1974-03-29,Spanish,http://en.wikipedia.org/wiki/Marc_Gen%C3%A9
48,49,frentzen,Null,\N,Heinz-Harald Frentzen,1967-05-18,German,http://en.wikipedia.org/wiki/Heinz-Harald_Frentzen
49,50,verstappen,Null,\N,Jos Verstappen,1972-03-04,Dutch,http://en.wikipedia.org/wiki/Jos_Verstappen
50,51,wilson,Null,\N,Justin Wilson,1978-07-31,British,http://en.wikipedia.org/wiki/Justin_Wilson_(racing_driver)
51,52,firman,Null,\N,Ralph Firman,1975-05-20,Irish,http://en.wikipedia.org/wiki/Ralph_Firman
52,53,kiesa,Null,\N,Nicolas Kiesa,1978-03-03,Danish,http://en.wikipedia.org/wiki/Nicolas_Kiesa
53,54,burti,Null,\N,Luciano Burti,1975-03-05,Brazilian,http://en.wikipedia.org/wiki/Luciano_Burti
54,55,alesi,Null,\N,Jean Alesi,1964-06-11,French,http://en.wikipedia.org/wiki/Jean_Alesi
55,56,irvine,Null,\N,Eddie Irvine,1965-11-10,British,http://en.wikipedia.org/wiki/Eddie_Irvine
56,57,hakkinen,Null,\N,Mika Häkkinen,1968-09-28,Finnish,http://en.wikipedia.org/wiki/Mika_H%C3%A4kkinen
57,58,marques,Null,\N,Tarso Marques,1976-01-19,Brazilian,http://en.wikipedia.org/wiki/Tarso_Marques
58,59,bernoldi,Null,\N,Enrique Bernoldi,1978-10-19,Brazilian,http://en.wikipedia.org/wiki/Enrique_Bernoldi
59,60,mazzacane,Null,\N,Gastón Mazzacane,1975-05-08,Argentine,http://en.wikipedia.org/wiki/Gast%C3%B3n_Mazzacane
60,61,enge,Null,\N,Tomáš Enge,1976-09-11,Czech,http://en.wikipedia.org/wiki/Tom%C3%A1%C5%A1_Enge
61,62,yoong,Null,\N,Alex Yoong,1976-07-20,Malaysian,http://en.wikipedia.org/wiki/Alex_Yoong
62,63,salo,Null,\N,Mika Salo,1966-11-30,Finnish,http://en.wikipedia.org/wiki/Mika_Salo
63,64,diniz,Null,\N,Pedro Diniz,1970-05-22,Brazilian,http://en.wikipedia.org/wiki/Pedro_Diniz
64,65,herbert,Null,\N,Johnny Herbert,1964-06-25,British,http://en.wikipedia.org/wiki/Johnny_Herbert
65,66,mcnish,Null,\N,Allan McNish,1969-12-29,British,http://en.wikipedia.org/wiki/Allan_McNish
66,67,buemi,Null,BUE,Sébastien Buemi,1988-10-31,Swiss,http://en.wikipedia.org/wiki/S%C3%A9bastien_Buemi
67,68,takagi,Null,\N,Toranosuke Takagi,1974-02-12,Japanese,http://en.wikipedia.org/wiki/Toranosuke_Takagi
68,69,badoer,Null,BAD,Luca Badoer,1971-01-25,Italian,http://en.wikipedia.org/wiki/Luca_Badoer
69,70,zanardi,Null,\N,Alessandro Zanardi,1966-10-23,Italian,http://en.wikipedia.org/wiki/Alex_Zanardi
70,71,damon_hill,Null,\N,Damon Hill,1960-09-17,British,http://en.wikipedia.org/wiki/Damon_Hill
71,72,sarrazin,Null,\N,Stéphane Sarrazin,1975-11-02,French,http://en.wikipedia.org/wiki/St%C3%A9phane_Sarrazin
72,73,rosset,Null,\N,Ricardo Rosset,1968-07-27,Brazilian,http://en.wikipedia.org/wiki/Ricardo_Rosset
73,74,tuero,Null,\N,Esteban Tuero,1978-04-22,Argentine,http://en.wikipedia.org/wiki/Esteban_Tuero
74,75,nakano,Null,\N,Shinji Nakano,1971-04-01,Japanese,http://en.wikipedia.org/wiki/Shinji_Nakano
75,76,magnussen,Null,MAG,Jan Magnussen,1973-07-04,Danish,http://en.wikipedia.org/wiki/Jan_Magnussen
76,77,berger,Null,\N,Gerhard Berger,1959-08-27,Austrian,http://en.wikipedia.org/wiki/Gerhard_Berger
77,78,larini,Null,\N,Nicola Larini,1964-03-19,Italian,http://en.wikipedia.org/wiki/Nicola_Larini
78,79,katayama,Null,\N,Ukyo Katayama,1963-05-29,Japanese,http://en.wikipedia.org/wiki/Ukyo_Katayama
79,80,sospiri,Null,\N,Vincenzo Sospiri,1966-10-07,Italian,http://en.wikipedia.org/wiki/Vincenzo_Sospiri
80,81,morbidelli,Null,\N,Gianni Morbidelli,1968-01-13,Italian,http://en.wikipedia.org/wiki/Gianni_Morbidelli
81,82,fontana,Null,\N,Norberto Fontana,1975-01-20,Argentine,http://en.wikipedia.org/wiki/Norberto_Fontana
82,83,lamy,Null,\N,Pedro Lamy,1972-03-20,Portuguese,http://en.wikipedia.org/wiki/Pedro_Lamy
83,84,brundle,Null,\N,Martin Brundle,1959-06-01,British,http://en.wikipedia.org/wiki/Martin_Brundle
84,85,montermini,Null,\N,Andrea Montermini,1964-05-30,Italian,http://en.wikipedia.org/wiki/Andrea_Montermini
85,86,lavaggi,Null,\N,Giovanni Lavaggi,1958-02-18,Italian,http://en.wikipedia.org/wiki/Giovanni_Lavaggi
86,87,blundell,Null,\N,Mark Blundell,1966-04-08,British,http://en.wikipedia.org/wiki/Mark_Blundell
87,88,suzuki,Null,\N,Aguri Suzuki,1960-09-08,Japanese,http://en.wikipedia.org/wiki/Aguri_Suzuki
88,89,inoue,Null,\N,Taki Inoue,1963-09-05,Japanese,http://en.wikipedia.org/wiki/Taki_Inoue
89,90,moreno,Null,\N,Roberto Moreno,1959-02-11,Brazilian,http://en.wikipedia.org/wiki/Roberto_Moreno
90,91,wendlinger,Null,\N,Karl Wendlinger,1968-12-20,Austrian,http://en.wikipedia.org/wiki/Karl_Wendlinger
91,92,gachot,Null,\N,Bertrand Gachot,1962-12-23,Belgian,http://en.wikipedia.org/wiki/Bertrand_Gachot
92,93,schiattarella,Null,\N,Domenico Schiattarella,1967-11-17,Italian,http://en.wikipedia.org/wiki/Domenico_Schiattarella
93,94,martini,Null,\N,Pierluigi Martini,1961-04-23,Italian,http://en.wikipedia.org/wiki/Pierluigi_Martini
94,95,mansell,Null,\N,Nigel Mansell,1953-08-08,British,http://en.wikipedia.org/wiki/Nigel_Mansell
95,96,boullion,Null,\N,Jean-Christophe Boullion,1969-12-27,French,http://en.wikipedia.org/wiki/Jean-Christophe_Boullion
96,97,papis,Null,\N,Massimiliano Papis,1969-10-03,Italian,http://en.wikipedia.org/wiki/Massimiliano_Papis
97,98,deletraz,Null,\N,Jean-Denis Délétraz,1963-10-01,Swiss,http://en.wikipedia.org/wiki/Jean-Denis_Deletraz
98,99,tarquini,Null,\N,Gabriele Tarquini,1962-03-02,Italian,http://en.wikipedia.org/wiki/Gabriele_Tarquini
99,100,comas,Null,\N,Érik Comas,1963-09-28,French,http://en.wikipedia.org/wiki/%C3%89rik_Comas
100,101,brabham,Null,\N,David Brabham,1965-09-05,Australian,http://en.wikipedia.org/wiki/David_Brabham
101,102,senna,Null,\N,Ayrton Senna,1960-03-21,Brazilian,http://en.wikipedia.org/wiki/Ayrton_Senna
102,103,bernard,Null,\N,Éric Bernard,1964-08-24,French,http://en.wikipedia.org/wiki/%C3%89ric_Bernard
103,104,fittipaldi,Null,\N,Christian Fittipaldi,1971-01-18,Brazilian,http://en.wikipedia.org/wiki/Christian_Fittipaldi
104,105,alboreto,Null,\N,Michele Alboreto,1956-12-23,Italian,http://en.wikipedia.org/wiki/Michele_Alboreto
105,106,beretta,Null,\N,Olivier Beretta,1969-11-23,Monegasque,http://en.wikipedia.org/wiki/Olivier_Beretta
106,107,ratzenberger,Null,\N,Roland Ratzenberger,1960-07-04,Austrian,http://en.wikipedia.org/wiki/Roland_Ratzenberger
107,108,belmondo,Null,\N,Paul Belmondo,1963-04-23,French,http://en.wikipedia.org/wiki/Paul_Belmondo
108,109,lehto,Null,\N,Jyrki Järvilehto,1966-01-31,Finnish,http://en.wikipedia.org/wiki/Jyrki_J%C3%A4rvilehto
109,110,cesaris,Null,\N,Andrea de Cesaris,1959-05-31,Italian,http://en.wikipedia.org/wiki/Andrea_de_Cesaris
110,111,gounon,Null,\N,Jean-Marc Gounon,1963-01-01,French,http://en.wikipedia.org/wiki/Jean-Marc_Gounon
111,112,alliot,Null,\N,Philippe Alliot,1954-07-27,French,http://en.wikipedia.org/wiki/Philippe_Alliot
112,113,adams,Null,\N,Philippe Adams,1969-11-19,Belgian,http://en.wikipedia.org/wiki/Philippe_Adams
113,114,dalmas,Null,\N,Yannick Dalmas,1961-07-28,French,http://en.wikipedia.org/wiki/Yannick_Dalmas
114,115,noda,Null,\N,Hideki Noda,1969-03-07,Japanese,http://en.wikipedia.org/wiki/Hideki_Noda
115,116,lagorce,Null,\N,Franck Lagorce,1968-09-01,French,http://en.wikipedia.org/wiki/Franck_Lagorce
116,117,prost,Null,\N,Alain Prost,1955-02-24,French,http://en.wikipedia.org/wiki/Alain_Prost
117,118,warwick,Null,\N,Derek Warwick,1954-08-27,British,http://en.wikipedia.org/wiki/Derek_Warwick
118,119,patrese,Null,\N,Riccardo Patrese,1954-04-17,Italian,http://en.wikipedia.org/wiki/Riccardo_Patrese
119,120,barbazza,Null,\N,Fabrizio Barbazza,1963-04-02,Italian,http://en.wikipedia.org/wiki/Fabrizio_Barbazza
120,121,andretti,Null,\N,Michael Andretti,1962-10-05,American,http://en.wikipedia.org/wiki/Michael_Andretti
121,122,capelli,Null,\N,Ivan Capelli,1963-05-24,Italian,http://en.wikipedia.org/wiki/Ivan_Capelli
122,123,boutsen,Null,\N,Thierry Boutsen,1957-07-13,Belgian,http://en.wikipedia.org/wiki/Thierry_Boutsen
123,124,apicella,Null,\N,Marco Apicella,1965-10-07,Italian,http://en.wikipedia.org/wiki/Marco_Apicella
124,125,naspetti,Null,\N,Emanuele Naspetti,1968-02-24,Italian,http://en.wikipedia.org/wiki/Emanuele_Naspetti
125,126,toshio_suzuki,Null,\N,Toshio Suzuki,1955-03-10,Japanese,http://en.wikipedia.org/wiki/Toshio_Suzuki_(driver)
126,127,gugelmin,Null,\N,Maurício Gugelmin,1963-04-20,Brazilian,http://en.wikipedia.org/wiki/Maur%C3%ADcio_Gugelmin
127,128,poele,Null,\N,Eric van de Poele,1961-09-30,Belgian,http://en.wikipedia.org/wiki/Eric_van_de_Poele
128,129,grouillard,Null,\N,Olivier Grouillard,1958-09-02,French,http://en.wikipedia.org/wiki/Olivier_Grouillard
129,130,chiesa,Null,\N,Andrea Chiesa,1964-05-06,Swiss,http://en.wikipedia.org/wiki/Andrea_Chiesa
130,131,modena,Null,\N,Stefano Modena,1963-05-12,Italian,http://en.wikipedia.org/wiki/Stefano_Modena
131,132,amati,Null,\N,Giovanna Amati,1959-07-20,Italian,http://en.wikipedia.org/wiki/Giovanna_Amati
132,133,caffi,Null,\N,Alex Caffi,1964-03-18,Italian,http://en.wikipedia.org/wiki/Alex_Caffi
133,134,bertaggia,Null,\N,Enrico Bertaggia,1964-09-19,Italian,http://en.wikipedia.org/wiki/Enrico_Bertaggia
134,135,mccarthy,Null,\N,Perry McCarthy,1961-03-03,British,http://en.wikipedia.org/wiki/Perry_McCarthy
135,136,lammers,Null,\N,Jan Lammers,1956-06-02,Dutch,http://en.wikipedia.org/wiki/Jan_Lammers
136,137,piquet,Null,\N,Nelson Piquet,1952-08-17,Brazilian,http://en.wikipedia.org/wiki/Nelson_Piquet
137,138,satoru_nakajima,Null,\N,Satoru Nakajima,1953-02-23,Japanese,http://en.wikipedia.org/wiki/Satoru_Nakajima
138,139,pirro,Null,\N,Emanuele Pirro,1962-01-12,Italian,http://en.wikipedia.org/wiki/Emanuele_Pirro
139,140,johansson,Null,\N,Stefan Johansson,1956-09-08,Swedish,http://en.wikipedia.org/wiki/Stefan_Johansson
140,141,bailey,Null,\N,Julian Bailey,1961-10-09,British,http://en.wikipedia.org/wiki/Julian_Bailey
141,142,chaves,Null,\N,Pedro Chaves,1965-02-27,Portuguese,http://en.wikipedia.org/wiki/Pedro_Chaves
142,143,bartels,Null,\N,Michael Bartels,1968-03-08,German,http://en.wikipedia.org/wiki/Michael_Bartels
143,144,hattori,Null,\N,Naoki Hattori,1966-06-13,Japanese,http://en.wikipedia.org/wiki/Naoki_Hattori
144,145,nannini,Null,\N,Alessandro Nannini,1959-07-07,Italian,http://en.wikipedia.org/wiki/Alessandro_Nannini
145,146,schneider,Null,\N,Bernd Schneider,1964-07-20,German,http://en.wikipedia.org/wiki/Bernd_Schneider_(racecar_driver)
146,147,barilla,Null,\N,Paolo Barilla,1961-04-20,Italian,http://en.wikipedia.org/wiki/Paolo_Barilla
147,148,foitek,Null,\N,Gregor Foitek,1965-03-27,Swiss,http://en.wikipedia.org/wiki/Gregor_Foitek
148,149,langes,Null,\N,Claudio Langes,1960-07-20,Italian,http://en.wikipedia.org/wiki/Claudio_Langes
149,150,gary_brabham,Null,\N,Gary Brabham,1961-03-29,Australian,http://en.wikipedia.org/wiki/Gary_Brabham
150,151,donnelly,Null,\N,Martin Donnelly,1964-03-26,British,http://en.wikipedia.org/wiki/Martin_Donnelly_(racing_driver)
151,152,giacomelli,Null,\N,Bruno Giacomelli,1952-09-10,Italian,http://en.wikipedia.org/wiki/Bruno_Giacomelli
152,153,alguersuari,Null,ALG,Jaime Alguersuari,1990-03-23,Spanish,http://en.wikipedia.org/wiki/Jaime_Alguersuari
153,154,grosjean,8,GRO,Romain Grosjean,1986-04-17,French,http://en.wikipedia.org/wiki/Romain_Grosjean
154,155,kobayashi,10,KOB,Kamui Kobayashi,1986-09-13,Japanese,http://en.wikipedia.org/wiki/Kamui_Kobayashi
155,156,palmer,Null,\N,Jonathan Palmer,1956-11-07,British,http://en.wikipedia.org/wiki/Jonathan_Palmer
156,157,danner,Null,\N,Christian Danner,1958-04-04,German,http://en.wikipedia.org/wiki/Christian_Danner
157,158,cheever,Null,\N,Eddie Cheever,1958-01-10,American,http://en.wikipedia.org/wiki/Eddie_Cheever
158,159,sala,Null,\N,Luis Pérez-Sala,1959-05-15,Spanish,http://en.wikipedia.org/wiki/Luis_Perez-Sala
159,160,ghinzani,Null,\N,Piercarlo Ghinzani,1952-01-16,Italian,http://en.wikipedia.org/wiki/Piercarlo_Ghinzani
160,161,weidler,Null,\N,Volker Weidler,1962-03-18,German,http://en.wikipedia.org/wiki/Volker_Weidler
161,162,raphanel,Null,\N,Pierre-Henri Raphanel,1961-05-27,French,http://en.wikipedia.org/wiki/Pierre-Henri_Raphanel
162,163,arnoux,Null,\N,René Arnoux,1948-07-04,French,http://en.wikipedia.org/wiki/Ren%C3%A9_Arnoux
163,164,joachim_winkelhock,Null,\N,Joachim Winkelhock,1960-10-24,German,http://en.wikipedia.org/wiki/Joachim_Winkelhock
164,165,larrauri,Null,\N,Oscar Larrauri,1954-08-19,Argentine,http://en.wikipedia.org/wiki/Oscar_Larrauri
165,166,streiff,Null,\N,Philippe Streiff,1955-06-26,French,http://en.wikipedia.org/wiki/Philippe_Streiff
166,167,campos,Null,\N,Adrián Campos,1960-06-17,Spanish,http://en.wikipedia.org/wiki/Adri%C3%A1n_Campos
167,168,schlesser,Null,\N,Jean-Louis Schlesser,1948-09-12,French,http://en.wikipedia.org/wiki/Jean-Louis_Schlesser
168,169,fabre,Null,\N,Pascal Fabre,1960-01-09,French,http://en.wikipedia.org/wiki/Pascal_Fabre
169,170,fabi,Null,\N,Teo Fabi,1955-03-09,Italian,http://en.wikipedia.org/wiki/Teo_Fabi
170,171,forini,Null,\N,Franco Forini,1958-09-22,Swiss,http://en.wikipedia.org/wiki/Franco_Forini
171,172,laffite,Null,\N,Jacques Laffite,1943-11-21,French,http://en.wikipedia.org/wiki/Jacques_Laffite
172,173,angelis,Null,\N,Elio de Angelis,1958-03-26,Italian,http://en.wikipedia.org/wiki/Elio_de_Angelis
173,174,dumfries,Null,\N,Johnny Dumfries,1958-04-26,British,http://en.wikipedia.org/wiki/Johnny_Dumfries
174,175,tambay,Null,\N,Patrick Tambay,1949-06-25,French,http://en.wikipedia.org/wiki/Patrick_Tambay
175,176,surer,Null,\N,Marc Surer,1951-09-18,Swiss,http://en.wikipedia.org/wiki/Marc_Surer
176,177,keke_rosberg,Null,\N,Keke Rosberg,1948-12-06,Finnish,http://en.wikipedia.org/wiki/Keke_Rosberg
177,178,jones,Null,\N,Alan Jones,1946-11-02,Australian,http://en.wikipedia.org/wiki/Alan_Jones_(Formula_1)
178,179,rothengatter,Null,\N,Huub Rothengatter,1954-10-08,Dutch,http://en.wikipedia.org/wiki/Huub_Rothengatter
179,180,berg,Null,\N,Allen Berg,1961-08-01,Canadian,http://en.wikipedia.org/wiki/Allen_Berg
180,181,manfred_winkelhock,Null,\N,Manfred Winkelhock,1951-10-06,German,http://en.wikipedia.org/wiki/Manfred_Winkelhock
181,182,lauda,Null,\N,Niki Lauda,1949-02-22,Austrian,http://en.wikipedia.org/wiki/Niki_Lauda
182,183,hesnault,Null,\N,François Hesnault,1956-12-30,French,http://en.wikipedia.org/wiki/Fran%C3%A7ois_Hesnault
183,184,baldi,Null,\N,Mauro Baldi,1954-01-31,Italian,http://en.wikipedia.org/wiki/Mauro_Baldi
184,185,bellof,Null,\N,Stefan Bellof,1957-11-20,German,http://en.wikipedia.org/wiki/Stefan_Bellof
185,186,acheson,Null,\N,Kenny Acheson,1957-11-27,British,http://en.wikipedia.org/wiki/Kenny_Acheson
186,187,watson,Null,\N,John Watson,1946-05-04,British,http://en.wikipedia.org/wiki/John_Watson_(racing_driver)
187,188,cecotto,Null,\N,Johnny Cecotto,1956-01-25,Venezuelan,http://en.wikipedia.org/wiki/Johnny_Cecotto
188,189,gartner,Null,\N,Jo Gartner,1954-01-24,Austrian,http://en.wikipedia.org/wiki/Jo_Gartner
189,190,corrado_fabi,Null,\N,Corrado Fabi,1961-04-12,Italian,http://en.wikipedia.org/wiki/Corrado_Fabi
190,191,thackwell,Null,\N,Mike Thackwell,1961-03-30,New Zealander,http://en.wikipedia.org/wiki/Mike_Thackwell
191,192,serra,Null,\N,Chico Serra,1957-02-03,Brazilian,http://en.wikipedia.org/wiki/Chico_Serra
192,193,sullivan,Null,\N,Danny Sullivan,1950-03-09,American,http://en.wikipedia.org/wiki/Danny_Sullivan
193,194,salazar,Null,\N,Eliseo Salazar,1954-11-14,Chilean,http://en.wikipedia.org/wiki/Eliseo_Salazar
194,195,guerrero,Null,\N,Roberto Guerrero,1958-11-16,Colombian,http://en.wikipedia.org/wiki/Roberto_Guerrero
195,196,boesel,Null,\N,Raul Boesel,1957-12-04,Brazilian,http://en.wikipedia.org/wiki/Raul_Boesel
196,197,jarier,Null,\N,Jean-Pierre Jarier,1946-07-10,French,http://en.wikipedia.org/wiki/Jean-Pierre_Jarier
197,198,villeneuve_sr,Null,\N,Jacques Villeneuve Sr.,1953-11-04,Canadian,http://en.wikipedia.org/wiki/Jacques_Villeneuve_(elder)
198,199,reutemann,Null,\N,Carlos Reutemann,1942-04-12,Argentine,http://en.wikipedia.org/wiki/Carlos_Reutemann
199,200,mass,Null,\N,Jochen Mass,1946-09-30,German,http://en.wikipedia.org/wiki/Jochen_Mass
200,201,borgudd,Null,\N,Slim Borgudd,1946-11-25,Swedish,http://en.wikipedia.org/wiki/Slim_Borgudd
201,202,pironi,Null,\N,Didier Pironi,1952-03-26,French,http://en.wikipedia.org/wiki/Didier_Pironi
202,203,gilles_villeneuve,Null,\N,Gilles Villeneuve,1950-01-18,Canadian,http://en.wikipedia.org/wiki/Gilles_Villeneuve
203,204,paletti,Null,\N,Riccardo Paletti,1958-06-15,Italian,http://en.wikipedia.org/wiki/Riccardo_Paletti
204,205,henton,Null,\N,Brian Henton,1946-09-19,British,http://en.wikipedia.org/wiki/Brian_Henton
205,206,daly,Null,\N,Derek Daly,1953-03-11,Irish,http://en.wikipedia.org/wiki/Derek_Daly
206,207,mario_andretti,Null,\N,Mario Andretti,1940-02-28,American,http://en.wikipedia.org/wiki/Mario_Andretti
207,208,villota,Null,\N,Emilio de Villota,1946-07-26,Spanish,http://en.wikipedia.org/wiki/Emilio_de_Villota
208,209,lees,Null,\N,Geoff Lees,1951-05-01,British,http://en.wikipedia.org/wiki/Geoff_Lees
209,210,byrne,Null,\N,Tommy Byrne,1958-05-06,Irish,http://en.wikipedia.org/wiki/Tommy_Byrne_%28racing_driver%29
210,211,keegan,Null,\N,Rupert Keegan,1955-02-26,British,http://en.wikipedia.org/wiki/Rupert_Keegan
211,212,rebaque,Null,\N,Hector Rebaque,1956-02-05,Mexican,http://en.wikipedia.org/wiki/Hector_Rebaque
212,213,gabbiani,Null,\N,Beppe Gabbiani,1957-01-02,Italian,http://en.wikipedia.org/wiki/Beppe_Gabbiani
213,214,cogan,Null,\N,Kevin Cogan,1956-03-31,American,http://en.wikipedia.org/wiki/Kevin_Cogan
214,215,guerra,Null,\N,Miguel Ángel Guerra,1953-08-31,Argentine,http://en.wikipedia.org/wiki/Miguel_Angel_Guerra
215,216,stohr,Null,\N,Siegfried Stohr,1952-10-10,Italian,http://en.wikipedia.org/wiki/Siegfried_Stohr
216,217,zunino,Null,\N,Ricardo Zunino,1949-04-13,Argentine,http://en.wikipedia.org/wiki/Ricardo_Zunino
217,218,londono,Null,\N,Ricardo Londoño,1949-08-08,Colombian,http://en.wikipedia.org/wiki/Ricardo_Londo%C3%B1o
218,219,jabouille,Null,\N,Jean-Pierre Jabouille,1942-10-01,French,http://en.wikipedia.org/wiki/Jean-Pierre_Jabouille
219,220,francia,Null,\N,Giorgio Francia,1947-11-08,Italian,http://en.wikipedia.org/wiki/Giorgio_Francia
220,221,depailler,Null,\N,Patrick Depailler,1944-08-09,French,http://en.wikipedia.org/wiki/Patrick_Depailler
221,222,scheckter,Null,\N,Jody Scheckter,1950-01-29,South African,http://en.wikipedia.org/wiki/Jody_Scheckter
222,223,regazzoni,Null,\N,Clay Regazzoni,1939-09-05,Swiss,http://en.wikipedia.org/wiki/Clay_Regazzoni
223,224,emerson_fittipaldi,Null,\N,Emerson Fittipaldi,1946-12-12,Brazilian,http://en.wikipedia.org/wiki/Emerson_Fittipaldi
224,225,kennedy,Null,\N,Dave Kennedy,1953-01-15,Irish,http://en.wikipedia.org/wiki/David_Kennedy_(racing_driver)
225,226,south,Null,\N,Stephen South,1952-02-19,British,http://en.wikipedia.org/wiki/Stephen_South
226,227,needell,Null,\N,Tiff Needell,1951-10-29,British,http://en.wikipedia.org/wiki/Tiff_Needell
227,228,desire_wilson,Null,\N,Desiré Wilson,1953-11-26,South African,http://en.wikipedia.org/wiki/Desir%C3%A9_Wilson
228,229,ertl,Null,\N,Harald Ertl,1948-08-31,Austrian,http://en.wikipedia.org/wiki/Harald_Ertl
229,230,brambilla,Null,\N,Vittorio Brambilla,1937-11-11,Italian,http://en.wikipedia.org/wiki/Vittorio_Brambilla
230,231,hunt,Null,\N,James Hunt,1947-08-29,British,http://en.wikipedia.org/wiki/James_Hunt
231,232,merzario,Null,\N,Arturo Merzario,1943-03-11,Italian,http://en.wikipedia.org/wiki/Arturo_Merzario
232,233,stuck,Null,\N,Hans-Joachim Stuck,1951-01-01,German,http://en.wikipedia.org/wiki/Hans_Joachim_Stuck
233,234,brancatelli,Null,\N,Gianfranco Brancatelli,1950-01-18,Italian,http://en.wikipedia.org/wiki/Gianfranco_Brancatelli
234,235,ickx,Null,\N,Jacky Ickx,1945-01-01,Belgian,http://en.wikipedia.org/wiki/Jacky_Ickx
235,236,gaillard,Null,\N,Patrick Gaillard,1952-02-12,French,http://en.wikipedia.org/wiki/Patrick_Gaillard
236,237,ribeiro,Null,\N,Alex Ribeiro,1948-11-07,Brazilian,http://en.wikipedia.org/wiki/Alex_Ribeiro
237,238,peterson,Null,\N,Ronnie Peterson,1944-02-14,Swedish,http://en.wikipedia.org/wiki/Ronnie_Peterson
238,239,lunger,Null,\N,Brett Lunger,1945-11-14,American,http://en.wikipedia.org/wiki/Brett_Lunger
239,240,ongais,Null,\N,Danny Ongais,1942-05-21,American,http://en.wikipedia.org/wiki/Danny_Ongais
240,241,leoni,Null,\N,Lamberto Leoni,1953-05-24,Italian,http://en.wikipedia.org/wiki/Lamberto_Leoni
241,242,galica,Null,\N,Divina Galica,1944-08-13,British,http://en.wikipedia.org/wiki/Divina_Galica
242,243,stommelen,Null,\N,Rolf Stommelen,1943-07-11,German,http://en.wikipedia.org/wiki/Rolf_Stommelen
243,244,colombo,Null,\N,Alberto Colombo,1946-02-23,Italian,http://en.wikipedia.org/wiki/Alberto_Colombo
244,245,trimmer,Null,\N,Tony Trimmer,1943-01-24,British,http://en.wikipedia.org/wiki/Tony_Trimmer
245,246,binder,Null,\N,Hans Binder,1948-06-12,Austrian,http://en.wikipedia.org/wiki/Hans_Binder
246,247,bleekemolen,Null,\N,Michael Bleekemolen,1949-10-02,Dutch,http://en.wikipedia.org/wiki/Michael_Bleekemolen
247,248,gimax,Null,\N,Carlo Franchi,1938-01-01,Italian,http://en.wikipedia.org/wiki/Gimax
248,249,rahal,Null,\N,Bobby Rahal,1953-01-10,American,http://en.wikipedia.org/wiki/Bobby_Rahal
249,250,pace,Null,\N,Carlos Pace,1944-10-06,Brazilian,http://en.wikipedia.org/wiki/Carlos_Pace
250,251,ian_scheckter,Null,\N,Ian Scheckter,1947-08-22,South African,http://en.wikipedia.org/wiki/Ian_Scheckter
251,252,pryce,Null,\N,Tom Pryce,1949-06-11,British,http://en.wikipedia.org/wiki/Tom_Pryce
252,253,hoffmann,Null,\N,Ingo Hoffmann,1953-02-28,Brazilian,http://en.wikipedia.org/wiki/Ingo_Hoffmann
253,254,zorzi,Null,\N,Renzo Zorzi,1946-12-12,Italian,http://en.wikipedia.org/wiki/Renzo_Zorzi
254,255,nilsson,Null,\N,Gunnar Nilsson,1948-11-20,Swedish,http://en.wikipedia.org/wiki/Gunnar_Nilsson
255,256,perkins,Null,\N,Larry Perkins,1950-03-18,Australian,http://en.wikipedia.org/wiki/Larry_Perkins
256,257,hayje,Null,\N,Boy Lunger,1949-05-03,Dutch,http://en.wikipedia.org/wiki/Boy_Hayje
257,258,neve,Null,\N,Patrick Nève,1949-10-13,Belgian,http://en.wikipedia.org/wiki/Patrick_Neve
258,259,purley,Null,\N,David Purley,1945-01-26,British,http://en.wikipedia.org/wiki/David_Purley
259,260,andersson,Null,\N,Conny Andersson,1939-12-28,Swedish,http://en.wikipedia.org/wiki/Conny_Andersson_(racing_driver)
260,261,dryver,Null,\N,Bernard de Dryver,1952-09-19,Belgian,http://en.wikipedia.org/wiki/Bernard_de_Dryver
261,262,oliver,Null,\N,Jackie Oliver,1942-08-14,British,http://en.wikipedia.org/wiki/Jackie_Oliver
262,263,kozarowitzky,Null,\N,Mikko Kozarowitzky,1948-05-17,Finnish,http://en.wikipedia.org/wiki/Mikko_Kozarowitzky
263,264,sutcliffe,Null,\N,Andy Sutcliffe,1947-05-09,British,http://en.wikipedia.org/wiki/Andy_Sutcliffe
264,265,edwards,Null,\N,Guy Edwards,1942-12-30,British,http://en.wikipedia.org/wiki/Guy_Edwards
265,266,mcguire,Null,\N,Brian McGuire,1945-12-13,Australian,http://en.wikipedia.org/wiki/Brian_McGuire
266,267,schuppan,Null,\N,Vern Schuppan,1943-03-19,Australian,http://en.wikipedia.org/wiki/Vern_Schuppan
267,268,heyer,Null,\N,Hans Heyer,1943-03-16,German,http://en.wikipedia.org/wiki/Hans_Heyer
268,269,pilette,Null,\N,Teddy Pilette,1942-07-26,Belgian,http://en.wikipedia.org/wiki/Teddy_Pilette
269,270,ashley,Null,\N,Ian Ashley,1947-10-26,British,http://en.wikipedia.org/wiki/Ian_Ashley
270,271,kessel,Null,\N,Loris Kessel,1950-04-01,Swiss,http://en.wikipedia.org/wiki/Loris_Kessel
271,272,takahashi,Null,\N,Kunimitsu Takahashi,1940-01-29,Japanese,http://en.wikipedia.org/wiki/Kunimitsu_Takahashi
272,273,hoshino,Null,\N,Kazuyoshi Hoshino,1947-07-01,Japanese,http://en.wikipedia.org/wiki/Kazuyoshi_Hoshino
273,274,takahara,Null,\N,Noritake Takahara,1951-06-06,Japanese,http://en.wikipedia.org/wiki/Noritake_Takahara
274,275,lombardi,Null,\N,Lella Lombardi,1941-03-26,Italian,http://en.wikipedia.org/wiki/Lella_Lombardi
275,276,evans,Null,\N,Bob Evans,1947-06-11,British,http://en.wikipedia.org/wiki/Bob_Evans_(race_driver)
276,277,leclere,Null,\N,Michel Leclère,1946-03-18,French,http://en.wikipedia.org/wiki/Michel_Lecl%C3%A8re
277,278,amon,Null,\N,Chris Amon,1943-07-20,New Zealander,http://en.wikipedia.org/wiki/Chris_Amon
278,279,zapico,Null,\N,Emilio Zapico,1944-05-27,Spanish,http://en.wikipedia.org/wiki/Emilio_Zapico
279,280,pescarolo,Null,\N,Henri Pescarolo,1942-09-25,French,http://en.wikipedia.org/wiki/Henri_Pescarolo
280,281,nelleman,Null,\N,Jac Nelleman,1944-04-19,Danish,http://en.wikipedia.org/wiki/Jac_Nelleman
281,282,magee,Null,\N,Damien Magee,1945-11-17,British,http://en.wikipedia.org/wiki/Damien_Magee
282,283,wilds,Null,\N,Mike Wilds,1946-01-07,British,http://en.wikipedia.org/wiki/Mike_Wilds
283,284,pesenti_rossi,Null,\N,Alessandro Pesenti-Rossi,1942-08-31,Italian,http://en.wikipedia.org/wiki/Alessandro_Pesenti-Rossi
284,285,stuppacher,Null,\N,Otto Stuppacher,1947-03-03,Austrian,http://en.wikipedia.org/wiki/Otto_Stuppacher
285,286,brown,Null,\N,Warwick Brown,1949-12-24,Australian,http://en.wikipedia.org/wiki/Warwick_Brown
286,287,hasemi,Null,\N,Masahiro Hasemi,1945-11-13,Japanese,http://en.wikipedia.org/wiki/Masahiro_Hasemi
287,288,donohue,Null,\N,Mark Donohue,1937-03-18,American,http://en.wikipedia.org/wiki/Mark_Donohue
288,289,hill,Null,\N,Graham Hill,1929-02-15,British,http://en.wikipedia.org/wiki/Graham_Hill
289,290,wilson_fittipaldi,Null,\N,Wilson Fittipaldi,1943-12-25,Brazilian,http://en.wikipedia.org/wiki/Wilson_Fittipaldi
290,291,tunmer,Null,\N,Guy Tunmer,1948-12-01,South African,http://en.wikipedia.org/wiki/Guy_Tunmer
291,292,keizan,Null,\N,Eddie Keizan,1944-09-12,South African,http://en.wikipedia.org/wiki/Eddie_Keizan
292,293,charlton,Null,\N,Dave Charlton,1936-10-27,South African,http://en.wikipedia.org/wiki/Dave_Charlton
293,294,brise,Null,\N,Tony Brise,1952-03-28,British,http://en.wikipedia.org/wiki/Tony_Brise
294,295,wunderink,Null,\N,Roelof Wunderink,1948-12-12,Dutch,http://en.wikipedia.org/wiki/Roelof_Wunderink
295,296,migault,Null,\N,François Migault,1944-12-04,French,http://en.wikipedia.org/wiki/Fran%C3%A7ois_Migault
296,297,palm,Null,\N,Torsten Palm,1947-07-23,Swedish,http://en.wikipedia.org/wiki/Torsten_Palm
297,298,lennep,Null,\N,Gijs van Lennep,1942-03-16,Dutch,http://en.wikipedia.org/wiki/Gijs_Van_Lennep
298,299,fushida,Null,\N,Hiroshi Fushida,1946-03-10,Japanese,http://en.wikipedia.org/wiki/Hiroshi_Fushida
299,300,nicholson,Null,\N,John Nicholson,1941-10-06,New Zealander,http://en.wikipedia.org/wiki/John_Nicholson_(racing_driver)
300,301,morgan,Null,\N,Dave Morgan,1944-08-07,British,http://en.wikipedia.org/wiki/Dave_Morgan_(racing_driver)
301,302,crawford,Null,\N,Jim Crawford,1948-02-13,British,http://en.wikipedia.org/wiki/Jim_Crawford_(driver)
302,303,vonlanthen,Null,\N,Jo Vonlanthen,1942-05-31,Swiss,http://en.wikipedia.org/wiki/Jo_Vonlanthen
303,304,hulme,Null,\N,Denny Hulme,1936-06-18,New Zealander,http://en.wikipedia.org/wiki/Denny_Hulme
304,305,hailwood,Null,\N,Mike Hailwood,1940-04-02,British,http://en.wikipedia.org/wiki/Mike_Hailwood
305,306,beltoise,Null,\N,Jean-Pierre Beltoise,1937-04-26,French,http://en.wikipedia.org/wiki/Jean-Pierre_Beltoise
306,307,ganley,Null,\N,Howden Ganley,1941-12-24,New Zealander,http://en.wikipedia.org/wiki/Howden_Ganley
307,308,robarts,Null,\N,Richard Robarts,1944-09-22,British,http://en.wikipedia.org/wiki/Richard_Robarts
308,309,revson,Null,\N,Peter Revson,1939-02-27,American,http://en.wikipedia.org/wiki/Peter_Revson
309,310,driver,Null,\N,Paddy Driver,1934-05-13,South African,http://en.wikipedia.org/wiki/Paddy_Driver
310,311,belso,Null,\N,Tom Belsø,1942-08-27,Danish,http://en.wikipedia.org/wiki/Tom_Bels%C3%B8
311,312,redman,Null,\N,Brian Redman,1937-03-09,British,http://en.wikipedia.org/wiki/Brian_Redman
312,313,opel,Null,\N,Rikky von Opel,1947-10-14,Liechtensteiner,http://en.wikipedia.org/wiki/Rikky_von_Opel
313,314,schenken,Null,\N,Tim Schenken,1943-09-26,Australian,http://en.wikipedia.org/wiki/Tim_Schenken
314,315,larrousse,Null,\N,Gérard Larrousse,1940-05-23,French,http://en.wikipedia.org/wiki/G%C3%A9rard_Larrousse
315,316,kinnunen,Null,\N,Leo Kinnunen,1943-08-05,Finnish,http://en.wikipedia.org/wiki/Leo_Kinnunen
316,317,wisell,Null,\N,Reine Wisell,1941-09-30,Swedish,http://en.wikipedia.org/wiki/Reine_Wisell
317,318,roos,Null,\N,Bertil Roos,1943-10-12,Swedish,http://en.wikipedia.org/wiki/Bertil_Roos
318,319,dolhem,Null,\N,José Dolhem,1944-04-26,French,http://en.wikipedia.org/wiki/Jos%C3%A9_Dolhem
319,320,gethin,Null,\N,Peter Gethin,1940-02-21,British,http://en.wikipedia.org/wiki/Peter_Gethin
320,321,bell,Null,\N,Derek Bell,1941-10-31,British,http://en.wikipedia.org/wiki/Derek_Bell_(auto_racer)
321,322,hobbs,Null,\N,David Hobbs,1939-06-09,British,http://en.wikipedia.org/wiki/David_Hobbs_(racing_driver)
322,323,quester,Null,\N,Dieter Quester,1939-05-30,Austrian,http://en.wikipedia.org/wiki/Dieter_Quester
323,324,koinigg,Null,\N,Helmuth Koinigg,1948-11-03,Austrian,http://en.wikipedia.org/wiki/Helmuth_Koinigg
324,325,facetti,Null,\N,Carlo Facetti,1935-06-26,Italian,http://en.wikipedia.org/wiki/Carlo_Facetti
325,326,wietzes,Null,\N,Eppie Wietzes,1938-05-28,Canadian,http://en.wikipedia.org/wiki/Eppie_Wietzes
326,327,cevert,Null,\N,François Cevert,1944-02-25,French,http://en.wikipedia.org/wiki/Fran%C3%A7ois_Cevert
327,328,stewart,Null,\N,Jackie Stewart,1939-06-11,British,http://en.wikipedia.org/wiki/Jackie_Stewart
328,329,beuttler,Null,\N,Mike Beuttler,1940-04-13,British,http://en.wikipedia.org/wiki/Mike_Beuttler
329,330,galli,Null,\N,Nanni Galli,1940-10-02,Italian,http://en.wikipedia.org/wiki/Nanni_Galli
330,331,bueno,Null,\N,Luiz Bueno,1937-01-16,Brazilian,http://en.wikipedia.org/wiki/Luiz_Bueno
331,332,follmer,Null,\N,George Follmer,1934-01-27,American,http://en.wikipedia.org/wiki/George_Follmer
332,333,adamich,Null,\N,Andrea de Adamich,1941-10-03,Italian,http://en.wikipedia.org/wiki/Andrea_de_Adamich
333,334,pretorius,Null,\N,Jackie Pretorius,1934-11-22,South African,http://en.wikipedia.org/wiki/Jackie_Pretorius
334,335,williamson,Null,\N,Roger Williamson,1948-02-02,British,http://en.wikipedia.org/wiki/Roger_Williamson
335,336,mcrae,Null,\N,Graham McRae,1940-03-05,New Zealander,http://en.wikipedia.org/wiki/Graham_McRae
336,337,marko,Null,\N,Helmut Marko,1943-04-27,Austrian,http://en.wikipedia.org/wiki/Helmut_Marko
337,338,walker,Null,\N,David Walker,1941-06-10,Australian,http://en.wikipedia.org/wiki/David_Walker_(racing_driver)
338,339,roig,Null,\N,Alex Soler-Roig,1932-10-29,Spanish,http://en.wikipedia.org/wiki/Alex_Soler-Roig
339,340,love,Null,\N,John Love,1924-12-07,Rhodesian,http://en.wikipedia.org/wiki/John_Love_(racing_driver)
340,341,surtees,Null,\N,John Surtees,1934-02-11,British,http://en.wikipedia.org/wiki/John_Surtees
341,342,barber,Null,\N,Skip Barber,1936-11-16,American,http://en.wikipedia.org/wiki/Skip_Barber
342,343,brack,Null,\N,Bill Brack,1935-12-26,Canadian,http://en.wikipedia.org/wiki/Bill_Brack
343,344,posey,Null,\N,Sam Posey,1944-05-26,American,http://en.wikipedia.org/wiki/Sam_Posey
344,345,rodriguez,Null,\N,Pedro Rodríguez,1940-01-18,Mexican,http://en.wikipedia.org/wiki/Pedro_Rodr%C3%ADguez_(racing_driver)
345,346,siffert,Null,\N,Jo Siffert,1936-07-07,Swiss,http://en.wikipedia.org/wiki/Jo_Siffert
346,347,bonnier,Null,\N,Jo Bonnier,1930-01-31,Swedish,http://en.wikipedia.org/wiki/Joakim_Bonnier
347,348,mazet,Null,\N,François Mazet,1943-02-24,French,http://en.wikipedia.org/wiki/Fran%C3%A7ois_Mazet
348,349,jean,Null,\N,Max Jean,1943-07-27,French,http://en.wikipedia.org/wiki/Max_Jean
349,350,elford,Null,\N,Vic Elford,1935-06-10,British,http://en.wikipedia.org/wiki/Vic_Elford
350,351,moser,Null,\N,Silvio Moser,1941-04-24,Swiss,http://en.wikipedia.org/wiki/Silvio_Moser
351,352,eaton,Null,\N,George Eaton,1945-11-12,Canadian,http://en.wikipedia.org/wiki/George_Eaton
352,353,lovely,Null,\N,Pete Lovely,1926-04-11,American,http://en.wikipedia.org/wiki/Pete_Lovely
353,354,craft,Null,\N,Chris Craft,1939-11-17,British,http://en.wikipedia.org/wiki/Chris_Craft_(racing_driver)
354,355,Cannoc,Null,\N,John Cannon,1933-06-21,Canadian,http://en.wikipedia.org/wiki/John_Cannon_(auto_racer)
355,356,jack_brabham,Null,\N,Jack Brabham,1926-04-02,Australian,http://en.wikipedia.org/wiki/Jack_Brabham
356,357,miles,Null,\N,John Miles,1943-06-14,British,http://en.wikipedia.org/wiki/John_Miles_(auto_racer)
357,358,rindt,Null,\N,Jochen Rindt,1942-04-18,Austrian,http://en.wikipedia.org/wiki/Jochen_Rindt
358,359,gavin,Null,\N,Johnny Servoz-Gavin,1942-01-18,French,http://en.wikipedia.org/wiki/Johnny_Servoz-Gavin
359,360,mclaren,Null,\N,Bruce McLaren,1937-08-30,New Zealander,http://en.wikipedia.org/wiki/Bruce_McLaren
360,361,courage,Null,\N,Piers Courage,1942-05-27,British,http://en.wikipedia.org/wiki/Piers_Courage
361,362,klerk,Null,\N,Peter de Klerk,1935-03-16,South African,http://en.wikipedia.org/wiki/Peter_de_Klerk
362,363,giunti,Null,\N,Ignazio Giunti,1941-08-30,Italian,http://en.wikipedia.org/wiki/Ignazio_Giunti
363,364,gurney,Null,\N,Dan Gurney,1931-04-13,American,http://en.wikipedia.org/wiki/Dan_Gurney
364,365,hahne,Null,\N,Hubert Hahne,1935-03-28,German,http://en.wikipedia.org/wiki/Hubert_Hahne
365,366,hutchison,Null,\N,Gus Hutchison,1937-04-26,American,http://en.wikipedia.org/wiki/Gus_Hutchison
366,367,westbury,Null,\N,Peter Westbury,1938-05-26,British,http://en.wikipedia.org/wiki/Peter_Westbury
367,368,tingle,Null,\N,Sam Tingle,1921-08-24,Rhodesian,http://en.wikipedia.org/wiki/Sam_Tingle
368,369,rooyen,Null,\N,Basil van Rooyen,1939-04-19,South African,http://en.wikipedia.org/wiki/Basil_van_Rooyen
369,370,attwood,Null,\N,Richard Attwood,1940-04-04,British,http://en.wikipedia.org/wiki/Richard_Attwood
370,371,pease,Null,\N,Al Pease,1921-10-15,Canadian,http://en.wikipedia.org/wiki/Al_Pease
371,372,cordts,Null,\N,John Cordts,1935-07-23,Canadian,http://en.wikipedia.org/wiki/John_Cordts
372,373,clark,Null,\N,Jim Clark,1936-03-04,British,http://en.wikipedia.org/wiki/Jim_Clark
373,374,spence,Null,\N,Mike Spence,1936-12-30,British,http://en.wikipedia.org/wiki/Mike_Spence
374,375,scarfiotti,Null,\N,Ludovico Scarfiotti,1933-10-18,Italian,http://en.wikipedia.org/wiki/Ludovico_Scarfiotti
375,376,bianchi,Null,BIA,Lucien Bianchi,1934-11-10,Belgian,http://en.wikipedia.org/wiki/Lucien_Bianchi
376,377,jo_schlesser,Null,\N,Jo Schlesser,1928-05-18,French,http://en.wikipedia.org/wiki/Jo_Schlesser
377,378,widdows,Null,\N,Robin Widdows,1942-05-27,British,http://en.wikipedia.org/wiki/Robin_Widdows
378,379,ahrens,Null,\N,Kurt Ahrens,1940-04-19,German,http://en.wikipedia.org/wiki/Kurt_Ahrens_Jr.
379,380,gardner,Null,\N,Frank Gardner,1930-10-01,Australian,http://en.wikipedia.org/wiki/Frank_Gardner_(driver)
380,381,unser,Null,\N,Bobby Unser,1934-02-20,American,http://en.wikipedia.org/wiki/Bobby_Unser
381,382,solana,Null,\N,Moisés Solana,1935-12-26,Mexican,http://en.wikipedia.org/wiki/Mois%C3%A9s_Solana
382,383,anderson,Null,\N,Bob Anderson,1931-05-19,British,http://en.wikipedia.org/wiki/Bob_Anderson_(racing_driver)
383,384,botha,Null,\N,Luki Botha,1930-01-16,South African,http://en.wikipedia.org/wiki/Luki_Botha
384,385,bandini,Null,\N,Lorenzo Bandini,1935-12-21,Italian,http://en.wikipedia.org/wiki/Lorenzo_Bandini
385,386,ginther,Null,\N,Richie Ginther,1930-08-05,American,http://en.wikipedia.org/wiki/Richie_Ginther
386,387,parkes,Null,\N,Mike Parkes,1931-09-24,British,http://en.wikipedia.org/wiki/Mike_Parkes
387,388,irwin,Null,\N,Chris Irwin,1942-06-27,British,http://en.wikipedia.org/wiki/Chris_Irwin
388,389,ligier,Null,\N,Guy Ligier,1930-07-12,French,http://en.wikipedia.org/wiki/Guy_Ligier
389,390,rees,Null,\N,Alan Rees,1938-01-12,British,http://en.wikipedia.org/wiki/Alan_Rees_(racing_driver)
390,391,hart,Null,\N,Brian Hart,1936-09-07,British,http://en.wikipedia.org/wiki/Brian_Hart
391,392,fisher,Null,\N,Mike Fisher,1943-03-13,American,http://en.wikipedia.org/wiki/Mike_Fisher_(driver)
392,393,tom_jones,Null,\N,Tom Jones,1943-04-26,American,http://en.wikipedia.org/wiki/Tom_Jones_(auto_racer)
393,394,baghetti,Null,\N,Giancarlo Baghetti,1934-12-25,Italian,http://en.wikipedia.org/wiki/Giancarlo_Baghetti
394,395,williams,Null,\N,Jonathan Williams,1942-10-26,British,http://en.wikipedia.org/wiki/Jonathan_Williams_(racing_driver)
395,396,bondurant,Null,\N,Bob Bondurant,1933-04-27,American,http://en.wikipedia.org/wiki/Bob_Bondurant
396,397,arundell,Null,\N,Peter Arundell,1933-11-08,British,http://en.wikipedia.org/wiki/Peter_Arundell
397,398,vic_wilson,Null,\N,Vic Wilson,1931-04-14,British,http://en.wikipedia.org/wiki/Vic_Wilson_(motor_racing_driver)
398,399,taylor,Null,\N,John Taylor,1933-03-23,British,http://en.wikipedia.org/wiki/John_Taylor_(racer)
399,400,lawrence,Null,\N,Chris Lawrence,1933-07-27,British,http://en.wikipedia.org/wiki/Chris_Lawrence_(racing_driver)
400,401,trevor_taylor,Null,\N,Trevor Taylor,1936-12-26,British,http://en.wikipedia.org/wiki/Trevor_Taylor
401,402,geki,Null,\N,Giacomo Russo,1937-10-23,Italian,http://en.wikipedia.org/wiki/Geki_(driver)
402,403,phil_hill,Null,\N,Phil Hill,1927-04-20,American,http://en.wikipedia.org/wiki/Phil_Hill
403,404,ireland,Null,\N,Innes Ireland,1930-06-12,British,http://en.wikipedia.org/wiki/Innes_Ireland
404,405,bucknum,Null,\N,Ronnie Bucknum,1936-04-05,American,http://en.wikipedia.org/wiki/Ronnie_Bucknum
405,406,hawkins,Null,\N,Paul Hawkins,1937-10-12,Australian,http://en.wikipedia.org/wiki/Paul_Hawkins_(racing_driver)
406,407,prophet,Null,\N,David Prophet,1937-10-09,British,http://en.wikipedia.org/wiki/David_Prophet
407,408,maggs,Null,\N,Tony Maggs,1937-02-09,South African,http://en.wikipedia.org/wiki/Tony_Maggs
408,409,blokdyk,Null,\N,Trevor Blokdyk,1935-11-30,South African,http://en.wikipedia.org/wiki/Trevor_Blokdyk
409,410,lederle,Null,\N,Neville Lederle,1938-09-25,South African,http://en.wikipedia.org/wiki/Neville_Lederle
410,411,serrurier,Null,\N,Doug Serrurier,1920-12-09,South African,http://en.wikipedia.org/wiki/Doug_Serrurier
411,412,niemann,Null,\N,Brausch Niemann,1939-01-07,South African,http://en.wikipedia.org/wiki/Brausch_Niemann
412,413,pieterse,Null,\N,Ernie Pieterse,1938-07-04,South African,http://en.wikipedia.org/wiki/Ernie_Pieterse
413,414,puzey,Null,\N,Clive Puzey,1941-07-11,Rhodesian,http://en.wikipedia.org/wiki/Clive_Puzey
414,415,reed,Null,\N,Ray Reed,1932-04-30,South African,http://en.wikipedia.org/wiki/Ray_Reed
415,416,clapham,Null,\N,David Clapham,1931-05-18,South African,http://en.wikipedia.org/wiki/David_Clapham
416,417,blignaut,Null,\N,Alex Blignaut,1932-11-30,South African,http://en.wikipedia.org/wiki/Alex_Blignaut
417,418,gregory,Null,\N,Masten Gregory,1932-02-29,American,http://en.wikipedia.org/wiki/Masten_Gregory
418,419,rhodes,Null,\N,John Rhodes,1927-08-18,British,http://en.wikipedia.org/wiki/John_Rhodes_(driver)
419,420,raby,Null,\N,Ian Raby,1921-09-22,British,http://en.wikipedia.org/wiki/Ian_Raby
420,421,rollinson,Null,\N,Alan Rollinson,1943-05-15,British,http://en.wikipedia.org/wiki/Alan_Rollinson
421,422,gubby,Null,\N,Brian Gubby,1934-04-17,British,http://en.wikipedia.org/wiki/Brian_Gubby
422,423,mitter,Null,\N,Gerhard Mitter,1935-08-30,German,http://en.wikipedia.org/wiki/Gerhard_Mitter
423,424,bussinello,Null,\N,Roberto Bussinello,1927-10-04,Italian,http://en.wikipedia.org/wiki/Roberto_Bussinello
424,425,vaccarella,Null,\N,Nino Vaccarella,1933-03-04,Italian,http://en.wikipedia.org/wiki/Nino_Vaccarella
425,426,bassi,Null,\N,Giorgio Bassi,1934-01-20,Italian,http://en.wikipedia.org/wiki/Giorgio_Bassi
426,427,trintignant,Null,\N,Maurice Trintignant,1917-10-30,French,http://en.wikipedia.org/wiki/Maurice_Trintignant
427,428,collomb,Null,\N,Bernard Collomb,1930-10-07,French,http://en.wikipedia.org/wiki/Bernard_Collomb
428,429,andre_pilette,Null,\N,André Pilette,1918-10-06,Belgian,http://en.wikipedia.org/wiki/Andr%C3%A9_Pilette
429,430,beaufort,Null,\N,Carel Godin de Beaufort,1934-04-10,Dutch,http://en.wikipedia.org/wiki/Carel_Godin_de_Beaufort
430,431,barth,Null,\N,Edgar Barth,1917-01-26,German,http://en.wikipedia.org/wiki/Edgar_Barth
431,432,cabral,Null,\N,Mário de Araújo Cabral,1934-01-15,Portuguese,http://en.wikipedia.org/wiki/Mario_de_Araujo_Cabral
432,433,hansgen,Null,\N,Walt Hansgen,1919-10-28,American,http://en.wikipedia.org/wiki/Walt_Hansgen
433,434,sharp,Null,\N,Hap Sharp,1928-01-01,American,http://en.wikipedia.org/wiki/Hap_Sharp
434,435,mairesse,Null,\N,Willy Mairesse,1928-10-01,Belgian,http://en.wikipedia.org/wiki/Willy_Mairesse
435,436,campbell-jones,Null,\N,John Campbell-Jones,1930-01-21,British,http://en.wikipedia.org/wiki/John_Campbell-Jones
436,437,burgess,Null,\N,Ian Burgess,1930-07-06,British,http://en.wikipedia.org/wiki/Ian_Burgess
437,438,settember,Null,\N,Tony Settember,1926-07-10,American,http://en.wikipedia.org/wiki/Tony_Settember
438,439,estefano,Null,\N,Nasif Estéfano,1932-11-18,Argentine,http://en.wikipedia.org/wiki/Nasif_Est%C3%A9fano
439,440,hall,Null,\N,Jim Hall,1935-07-23,American,http://en.wikipedia.org/wiki/Jim_Hall_(race_car_driver)
440,441,parnell,Null,\N,Tim Parnell,1932-06-25,British,http://en.wikipedia.org/wiki/Tim_Parnell
441,442,kuhnke,Null,\N,Kurt Kuhnke,1910-04-30,German,http://en.wikipedia.org/wiki/Kurt_Kuhnke
442,443,ernesto_brambilla,Null,\N,Ernesto Brambilla,1934-01-31,Italian,http://en.wikipedia.org/wiki/Ernesto_Brambilla
443,444,lippi,Null,\N,Roberto Lippi,1926-10-17,Italian,http://en.wikipedia.org/wiki/Roberto_Lippi
444,445,seiffert,Null,\N,Günther Seiffert,1937-10-18,German,http://en.wikipedia.org/wiki/G%C3%BCnther_Seiffert
445,446,abate,Null,\N,Carlo Abate,1932-07-10,Italian,http://en.wikipedia.org/wiki/Carlo_Mario_Abate
446,447,starrabba,Null,\N,Gaetano Starrabba,1932-12-03,Italian,http://en.wikipedia.org/wiki/Gaetano_Starrabba
447,448,broeker,Null,\N,Peter Broeker,1926-05-15,Canadian,http://en.wikipedia.org/wiki/Peter_Broeker
448,449,ward,Null,\N,Rodger Ward,1921-01-10,American,http://en.wikipedia.org/wiki/Rodger_Ward
449,450,vos,Null,\N,Ernie de Vos,1941-07-01,Dutch,http://en.wikipedia.org/wiki/Ernie_de_Vos
450,451,dochnal,Null,\N,Frank Dochnal,1920-10-08,American,http://en.wikipedia.org/wiki/Frank_Dochnal
451,452,monarch,Null,\N,Thomas Monarch,1945-09-03,American,http://en.wikipedia.org/wiki/Talk:1963_Mexican_Grand_Prix#Who_was_Thomas_Monarch.3F
452,842,gasly,10,GAS,Pierre Gasly,1996-02-07,French,http://en.wikipedia.org/wiki/Pierre_Gasly
453,453,lewis,Null,\N,Jackie Lewis,1936-11-01,British,http://en.wikipedia.org/wiki/Jackie_Lewis
454,454,ricardo_rodriguez,Null,\N,Ricardo Rodríguez,1942-02-14,Mexican,http://en.wikipedia.org/wiki/Ricardo_Rodr%C3%ADguez_(Formula_One)
455,455,seidel,Null,\N,Wolfgang Seidel,1926-07-04,German,http://en.wikipedia.org/wiki/Wolfgang_Seidel
456,456,salvadori,Null,\N,Roy Salvadori,1922-05-12,British,http://en.wikipedia.org/wiki/Roy_Salvadori
457,457,pon,Null,\N,Ben Pon,1936-12-09,Dutch,http://en.wikipedia.org/wiki/Ben_Pon
458,458,slotemaker,Null,\N,Rob Slotemaker,1929-06-13,Dutch,http://en.wikipedia.org/wiki/Rob_Slotemaker
459,459,marsh,Null,\N,Tony Marsh,1931-07-20,British,http://en.wikipedia.org/wiki/Tony_Marsh_(racing_driver)
460,460,ashmore,Null,\N,Gerry Ashmore,1936-07-25,British,http://en.wikipedia.org/wiki/Gerry_Ashmore
461,461,schiller,Null,\N,Heinz Schiller,1930-01-25,Swiss,http://en.wikipedia.org/wiki/Heinz_Schiller
462,462,davis,Null,\N,Colin Davis,1933-07-29,British,http://en.wikipedia.org/wiki/Colin_Davis_(driver)
463,463,chamberlain,Null,\N,Jay Chamberlain,1925-12-29,American,http://en.wikipedia.org/wiki/Jay_Chamberlain
464,464,shelly,Null,\N,Tony Shelly,1937-02-02,New Zealander,http://en.wikipedia.org/wiki/Tony_Shelly
465,465,greene,Null,\N,Keith Greene,1938-01-05,British,http://en.wikipedia.org/wiki/Keith_Greene
466,466,walter,Null,\N,Heini Walter,1927-07-28,Swiss,http://en.wikipedia.org/wiki/Heini_Walter
467,467,prinoth,Null,\N,Ernesto Prinoth,1923-04-15,Italian,http://en.wikipedia.org/wiki/Ernesto_Prinoth
468,468,penske,Null,\N,Roger Penske,1937-02-20,American,http://en.wikipedia.org/wiki/Roger_Penske
469,469,schroeder,Null,\N,Rob Schroeder,1926-05-11,British,http://en.wikipedia.org/wiki/Rob_Schroeder
470,470,mayer,Null,\N,Timmy Mayer,1938-02-22,American,http://en.wikipedia.org/wiki/Timmy_Mayer
471,471,johnstone,Null,\N,Bruce Johnstone,1937-01-30,South African,http://en.wikipedia.org/wiki/Bruce_Johnstone_(racing_driver)
472,472,harris,Null,\N,Mike Harris,1939-05-25,South African,http://en.wikipedia.org/wiki/Mike_Harris_(race_car_driver)
473,473,hocking,Null,\N,Gary Hocking,1937-09-30,Rhodesian,http://en.wikipedia.org/wiki/Gary_Hocking
474,474,vyver,Null,\N,Syd van der Vyver,1920-06-01,South African,http://en.wikipedia.org/wiki/Syd_van_der_Vyver
475,475,moss,Null,\N,Stirling Moss,1929-09-17,British,http://en.wikipedia.org/wiki/Stirling_Moss
476,476,trips,Null,\N,Wolfgang von Trips,1928-05-04,German,http://en.wikipedia.org/wiki/Wolfgang_Graf_Berghe_von_Trips
477,477,allison,Null,\N,Cliff Allison,1932-02-08,British,http://en.wikipedia.org/wiki/Cliff_Allison
478,478,herrmann,Null,\N,Hans Herrmann,1928-02-23,German,http://en.wikipedia.org/wiki/Hans_Herrmann
479,479,brooks,Null,\N,Tony Brooks,1932-02-25,British,http://en.wikipedia.org/wiki/Tony_Brooks
480,480,may,Null,\N,Michael May,1934-08-18,Swiss,http://en.wikipedia.org/wiki/Michael_May_(racing_driver)
481,481,henry_taylor,Null,\N,Henry Taylor,1932-12-16,British,http://en.wikipedia.org/wiki/Henry_Taylor_(racing_driver)
482,482,gendebien,Null,\N,Olivier Gendebien,1924-01-12,Belgian,http://en.wikipedia.org/wiki/Olivier_Gendebien
483,483,scarlatti,Null,\N,Giorgio Scarlatti,1921-10-02,Italian,http://en.wikipedia.org/wiki/Giorgio_Scarlatti
484,484,naylor,Null,\N,Brian Naylor,1923-03-24,British,http://en.wikipedia.org/wiki/Brian_Naylor
485,485,bordeu,Null,\N,Juan Manuel Bordeu,1934-01-28,Argentine,http://en.wikipedia.org/wiki/Juan_Manuel_Bordeu
486,486,fairman,Null,\N,Jack Fairman,1913-03-15,British,http://en.wikipedia.org/wiki/Jack_Fairman
487,487,natili,Null,\N,Massimo Natili,1935-07-28,Italian,http://en.wikipedia.org/wiki/Massimo_Natili
488,488,monteverdi,Null,\N,Peter Monteverdi,1934-06-07,Swiss,http://en.wikipedia.org/wiki/Peter_Monteverdi
489,489,pirocchi,Null,\N,Renato Pirocchi,1933-03-26,Italian,http://en.wikipedia.org/wiki/Renato_Pirocchi
490,490,duke,Null,\N,Geoff Duke,1923-03-29,British,http://en.wikipedia.org/wiki/Geoff_Duke
491,491,thiele,Null,\N,Alfonso Thiele,1920-04-05,American-Italian,http://en.wikipedia.org/wiki/Alfonso_Thiele
492,492,boffa,Null,\N,Menato Boffa,1930-01-04,Italian,http://en.wikipedia.org/wiki/Menato_Boffa
493,493,ryan,Null,\N,Peter Ryan,1940-06-10,Canadian,http://en.wikipedia.org/wiki/Peter_Ryan_(driver)
494,494,ruby,Null,\N,Lloyd Ruby,1928-01-12,American,http://en.wikipedia.org/wiki/Lloyd_Ruby
495,495,ken_miles,Null,\N,Ken Miles,1918-11-01,British,http://en.wikipedia.org/wiki/Ken_Miles
496,496,menditeguy,Null,\N,Carlos Menditeguy,1914-08-10,Argentine,http://en.wikipedia.org/wiki/Carlos_Menditeguy
497,497,larreta,Null,\N,Alberto Rodriguez Larreta,1934-01-14,Argentine,http://en.wikipedia.org/wiki/Alberto_Rodriguez_Larreta
498,498,gonzalez,Null,\N,José Froilán González,1922-10-05,Argentine,http://en.wikipedia.org/wiki/Jos%C3%A9_Froil%C3%A1n_Gonz%C3%A1lez
499,499,bonomi,Null,\N,Roberto Bonomi,1919-09-30,Argentine,http://en.wikipedia.org/wiki/Roberto_Bonomi
500,500,munaron,Null,\N,Gino Munaron,1928-04-02,Italian,http://en.wikipedia.org/wiki/Gino_Munaron
501,501,schell,Null,\N,Harry Schell,1921-06-29,American,http://en.wikipedia.org/wiki/Harry_Schell
502,502,stacey,Null,\N,Alan Stacey,1933-08-29,British,http://en.wikipedia.org/wiki/Alan_Stacey
503,503,chimeri,Null,\N,Ettore Chimeri,1921-06-04,Venezuelan,http://en.wikipedia.org/wiki/Ettore_Chimeri
504,504,creus,Null,\N,Antonio Creus,1924-10-28,Spanish,http://en.wikipedia.org/wiki/Antonio_Creus
505,505,bristow,Null,\N,Chris Bristow,1937-12-02,British,http://en.wikipedia.org/wiki/Chris_Bristow
506,506,halford,Null,\N,Bruce Halford,1931-05-18,British,http://en.wikipedia.org/wiki/Bruce_Halford
507,507,daigh,Null,\N,Chuck Daigh,1923-11-29,American,http://en.wikipedia.org/wiki/Chuck_Daigh
508,508,reventlow,Null,\N,Lance Reventlow,1936-02-24,American,http://en.wikipedia.org/wiki/Lance_Reventlow
509,509,rathmann,Null,\N,Jim Rathmann,1928-07-16,American,http://en.wikipedia.org/wiki/Jim_Rathmann
510,510,goldsmith,Null,\N,Paul Goldsmith,1925-10-02,American,http://en.wikipedia.org/wiki/Paul_Goldsmith
511,511,branson,Null,\N,Don Branson,1920-06-02,American,http://en.wikipedia.org/wiki/Don_Branson
512,512,thomson,Null,\N,Johnny Thomson,1922-04-09,American,http://en.wikipedia.org/wiki/Johnny_Thomson
513,513,johnson,Null,\N,Eddie Johnson,1919-02-10,American,http://en.wikipedia.org/wiki/Eddie_Johnson_(auto_racer)
514,514,veith,Null,\N,Bob Veith,1926-11-01,American,http://en.wikipedia.org/wiki/Bob_Veith
515,515,tingelstad,Null,\N,Bud Tingelstad,1928-04-04,American,http://en.wikipedia.org/wiki/Bud_Tingelstad
516,516,christie,Null,\N,Bob Christie,1924-04-04,American,http://en.wikipedia.org/wiki/Bob_Christie_(racing_driver)
517,517,amick,Null,\N,Red Amick,1929-01-19,American,http://en.wikipedia.org/wiki/Red_Amick
518,518,darter,Null,\N,Duane Carter,1913-05-05,American,http://en.wikipedia.org/wiki/Duane_Carter
519,519,homeier,Null,\N,Bill Homeier,1918-08-31,American,http://en.wikipedia.org/wiki/Bill_Homeier
520,520,hartley,Null,\N,Gene Hartley,1926-01-28,American,http://en.wikipedia.org/wiki/Gene_Hartley
521,521,stevenson,Null,\N,Chuck Stevenson,1919-10-15,American,http://en.wikipedia.org/wiki/Chuck_Stevenson
522,522,grim,Null,\N,Bobby Grim,1924-09-04,American,http://en.wikipedia.org/wiki/Bobby_Grim
523,523,templeman,Null,\N,Shorty Templeman,1919-08-12,American,http://en.wikipedia.org/wiki/Shorty_Templeman
524,524,hurtubise,Null,\N,Jim Hurtubise,1932-12-05,American,http://en.wikipedia.org/wiki/Jim_Hurtubise
525,525,bryan,Null,\N,Jimmy Bryan,1926-01-28,American,http://en.wikipedia.org/wiki/Jimmy_Bryan
526,526,ruttman,Null,\N,Troy Ruttman,1930-03-11,American,http://en.wikipedia.org/wiki/Troy_Ruttman
527,527,sachs,Null,\N,Eddie Sachs,1927-05-28,American,http://en.wikipedia.org/wiki/Eddie_Sachs
528,528,freeland,Null,\N,Don Freeland,1925-03-25,American,http://en.wikipedia.org/wiki/Don_Freeland
529,529,bettenhausen,Null,\N,Tony Bettenhausen,1916-09-12,American,http://en.wikipedia.org/wiki/Tony_Bettenhausen
530,530,weiler,Null,\N,Wayne Weiler,1934-12-09,American,http://en.wikipedia.org/wiki/Wayne_Weiler
531,531,foyt,Null,\N,Anthony Foyt,1935-01-16,American,http://en.wikipedia.org/wiki/A.J._Foyt
532,532,russo,Null,\N,Eddie Russo,1925-11-19,American,http://en.wikipedia.org/wiki/Eddie_Russo
533,533,boyd,Null,\N,Johnny Boyd,1926-08-19,American,http://en.wikipedia.org/wiki/Johnny_Boyd
534,534,force,Null,\N,Gene Force,1916-06-15,American,http://en.wikipedia.org/wiki/Gene_Force
535,535,mcwithey,Null,\N,Jim McWithey,1927-07-04,American,http://en.wikipedia.org/wiki/Jim_McWithey
536,536,sutton,Null,\N,Len Sutton,1925-08-09,American,http://en.wikipedia.org/wiki/Len_Sutton
537,537,dick_rathmann,Null,\N,Dick Rathmann,1924-01-06,American,http://en.wikipedia.org/wiki/Dick_Rathmann
538,538,herman,Null,\N,Al Herman,1927-03-15,American,http://en.wikipedia.org/wiki/Al_Herman
539,539,dempsey_wilson,Null,\N,Dempsey Wilson,1927-03-11,American,http://en.wikipedia.org/wiki/Dempsey_Wilson
540,540,mike_taylor,Null,\N,Mike Taylor,1934-04-24,British,http://en.wikipedia.org/wiki/Mike_Taylor_(driver)
541,541,flockhart,Null,\N,Ron Flockhart,1923-06-16,British,http://en.wikipedia.org/wiki/Ron_Flockhart_(auto_racing)
542,542,piper,Null,\N,David Piper,1930-12-02,British,http://en.wikipedia.org/wiki/David_Piper
543,543,cabianca,Null,\N,Giulio Cabianca,1923-02-19,Italian,http://en.wikipedia.org/wiki/Giulio_Cabianca
544,544,drogo,Null,\N,Piero Drogo,1926-08-08,Italian,http://en.wikipedia.org/wiki/Piero_Drogo
545,545,gamble,Null,\N,Fred Gamble,1932-03-17,American,http://en.wikipedia.org/wiki/Fred_Gamble_(racing_driver)
546,546,owen,Null,\N,Arthur Owen,1915-03-23,British,http://en.wikipedia.org/wiki/Arthur_Owen
547,547,gould,Null,\N,Horace Gould,1918-09-20,British,http://en.wikipedia.org/wiki/Horace_Gould
548,548,drake,Null,\N,Bob Drake,1919-12-14,American,http://en.wikipedia.org/wiki/Bob_Drake_(Formula_One)
549,549,bueb,Null,\N,Ivor Bueb,1923-06-06,British,http://en.wikipedia.org/wiki/Ivor_Bueb
550,550,Changy,Null,\N,Alain de Changy,1922-02-05,Belgian,http://en.wikipedia.org/wiki/Alain_de_Changy
551,551,filippis,Null,\N,Maria de Filippis,1926-11-11,Italian,http://en.wikipedia.org/wiki/Maria_Teresa_de_Filippis
552,552,lucienbonnet,Null,\N,Jean Lucienbonnet,1923-01-07,French,http://en.wikipedia.org/wiki/Jean_Lucienbonnet
553,553,testut,Null,\N,André Testut,1926-04-13,Monegasque,http://en.wikipedia.org/wiki/Andr%C3%A9_Testut
554,554,behra,Null,\N,Jean Behra,1921-02-16,French,http://en.wikipedia.org/wiki/Jean_Behra
555,555,paul_russo,Null,\N,Paul Russo,1914-04-10,American,http://en.wikipedia.org/wiki/Paul_Russo
556,556,daywalt,Null,\N,Jimmy Daywalt,1924-08-28,American,http://en.wikipedia.org/wiki/Jimmy_Daywalt
557,557,arnold,Null,\N,Chuck Arnold,1926-05-30,American,http://en.wikipedia.org/wiki/Chuck_Arnold
558,558,keller,Null,\N,Al Keller,1920-04-11,American,http://en.wikipedia.org/wiki/Al_Keller
559,559,flaherty,Null,\N,Pat Flaherty,1926-01-06,American,http://en.wikipedia.org/wiki/Pat_Flaherty_(racing_driver)
560,560,cheesbourg,Null,\N,Bill Cheesbourg,1927-06-12,American,http://en.wikipedia.org/wiki/Bill_Cheesbourg
561,561,ray_crawford,Null,\N,Ray Crawford,1915-10-26,American,http://en.wikipedia.org/wiki/Ray_Crawford
562,562,turner,Null,\N,Jack Turner,1920-02-12,American,http://en.wikipedia.org/wiki/Jack_Turner_(driver)
563,563,weyant,Null,\N,Chuck Weyant,1923-04-03,American,http://en.wikipedia.org/wiki/Chuck_Weyant
564,564,larson,Null,\N,Jud Larson,1923-01-21,American,http://en.wikipedia.org/wiki/Jud_Larson
565,565,magill,Null,\N,Mike Magill,1920-02-08,American,http://en.wikipedia.org/wiki/Mike_Magill
566,566,shelby,Null,\N,Carroll Shelby,1923-01-11,American,http://en.wikipedia.org/wiki/Carroll_Shelby
567,567,orey,Null,\N,Fritz d'Orey,1938-03-25,Brazilian,http://en.wikipedia.org/wiki/Fritz_d%27Orey
568,568,fontes,Null,\N,Azdrubal Fontes,1922-12-26,Uruguayan,http://en.wikipedia.org/wiki/Azdrubal_Fontes
569,569,ashdown,Null,\N,Peter Ashdown,1934-10-16,British,http://en.wikipedia.org/wiki/Peter_Ashdown
570,570,bill_moss,Null,\N,Bill Moss,1933-09-04,British,http://en.wikipedia.org/wiki/Bill_Moss_(racing_driver)
571,571,dennis_taylor,Null,\N,Dennis Taylor,1921-06-12,British,http://en.wikipedia.org/wiki/Dennis_Taylor_(racing_driver)
572,572,blanchard,Null,\N,Harry Blanchard,1929-06-13,American,http://en.wikipedia.org/wiki/Harry_Blanchard
573,573,tomaso,Null,\N,Alessandro de Tomaso,1928-07-10,Argentine-Italian,http://en.wikipedia.org/wiki/Alessandro_de_Tomaso
574,574,constantine,Null,\N,George Constantine,1918-02-22,American,http://en.wikipedia.org/wiki/George_Constantine
575,575,said,Null,\N,Bob Said,1932-05-05,American,http://en.wikipedia.org/wiki/Bob_Said
576,576,cade,Null,\N,Phil Cade,1916-06-12,American,http://en.wikipedia.org/wiki/Phil_Cade
577,577,musso,Null,\N,Luigi Musso,1924-07-28,Italian,http://en.wikipedia.org/wiki/Luigi_Musso
578,578,hawthorn,Null,\N,Mike Hawthorn,1929-04-10,British,http://en.wikipedia.org/wiki/Mike_Hawthorn
579,579,fangio,Null,\N,Juan Fangio,1911-06-24,Argentine,http://en.wikipedia.org/wiki/Juan_Manuel_Fangio
580,580,godia,Null,\N,Paco Godia,1921-03-21,Spanish,http://en.wikipedia.org/wiki/Paco_Godia
581,581,collins,Null,\N,Peter Collins,1931-11-06,British,http://en.wikipedia.org/wiki/Peter_Collins_(racing_driver)
582,582,kavanagh,Null,\N,Ken Kavanagh,1923-12-12,Australian,http://en.wikipedia.org/wiki/Ken_Kavanagh
583,583,gerini,Null,\N,Gerino Gerini,1928-08-10,Italian,http://en.wikipedia.org/wiki/Gerino_Gerini_(racing_driver)
584,584,kessler,Null,\N,Bruce Kessler,1936-03-23,American,http://en.wikipedia.org/wiki/Bruce_Kessler
585,585,emery,Null,\N,Paul Emery,1916-11-12,British,http://en.wikipedia.org/wiki/Paul_Emery
586,586,piotti,Null,\N,Luigi Piotti,1913-10-27,Italian,http://en.wikipedia.org/wiki/Luigi_Piotti
587,587,ecclestone,Null,\N,Bernie Ecclestone,1930-10-28,British,http://en.wikipedia.org/wiki/Bernie_Ecclestone
588,588,taramazzo,Null,\N,Luigi Taramazzo,1932-05-05,Italian,http://en.wikipedia.org/wiki/Luigi_Taramazzo
589,589,chiron,Null,\N,Louis Chiron,1899-08-03,Monegasque,http://en.wikipedia.org/wiki/Louis_Chiron
590,590,lewis-evans,Null,\N,Stuart Lewis-Evans,1930-04-20,British,http://en.wikipedia.org/wiki/Stuart_Lewis-Evans
591,591,george_amick,Null,\N,George Amick,1924-10-24,American,http://en.wikipedia.org/wiki/George_Amick
592,592,reece,Null,\N,Jimmy Reece,1929-11-17,American,http://en.wikipedia.org/wiki/Jimmy_Reece
593,593,parsons,Null,\N,Johnnie Parsons,1918-07-04,American,http://en.wikipedia.org/wiki/Johnnie_Parsons
594,594,tolan,Null,\N,Johnnie Tolan,1917-10-22,American,http://en.wikipedia.org/wiki/Johnnie_Tolan
595,595,garrett,Null,\N,Billy Garrett,1933-04-24,American,http://en.wikipedia.org/wiki/Billy_Garrett
596,596,elisian,Null,\N,Ed Elisian,1926-12-09,American,http://en.wikipedia.org/wiki/Ed_Elisian
597,597,connor,Null,\N,Pat O'Connor,1928-10-09,American,http://en.wikipedia.org/wiki/Pat_O%27Connor_(auto_racer)
598,598,jerry_unser,Null,\N,Jerry Unser,1932-11-15,American,http://en.wikipedia.org/wiki/Jerry_Unser
599,599,bisch,Null,\N,Art Bisch,1926-11-10,American,http://en.wikipedia.org/wiki/Art_Bisch
600,600,goethals,Null,\N,Christian Goethals,1928-08-04,Belgian,http://en.wikipedia.org/wiki/Christian_Goethals
601,601,gibson,Null,\N,Dick Gibson,1918-04-16,British,http://en.wikipedia.org/wiki/Dick_Gibson
602,602,la_caze,Null,\N,Robert La Caze,1917-02-26,French,http://en.wikipedia.org/wiki/Robert_La_Caze
603,603,guelfi,Null,\N,André Guelfi,1919-05-06,French,http://en.wikipedia.org/wiki/Andr%C3%A9_Guelfi
604,604,picard,Null,\N,François Picard,1921-04-26,French,http://en.wikipedia.org/wiki/Fran%C3%A7ois_Picard
605,605,bridger,Null,\N,Tom Bridger,1934-06-24,British,http://en.wikipedia.org/wiki/Tom_Bridger
606,606,portago,Null,\N,Alfonso de Portago,1928-10-11,Spanish,http://en.wikipedia.org/wiki/Alfonso_de_Portago
607,607,perdisa,Null,\N,Cesare Perdisa,1932-10-21,Italian,http://en.wikipedia.org/wiki/Cesare_Perdisa
608,608,castellotti,Null,\N,Eugenio Castellotti,1930-10-10,Italian,http://en.wikipedia.org/wiki/Eugenio_Castellotti
609,609,simon,Null,\N,André Simon,1920-01-05,French,http://en.wikipedia.org/wiki/Andr%C3%A9_Simon_(racing_driver)
610,610,leston,Null,\N,Les Leston,1920-12-16,British,http://en.wikipedia.org/wiki/Les_Leston
611,611,hanks,Null,\N,Sam Hanks,1914-07-13,American,http://en.wikipedia.org/wiki/Sam_Hanks
612,612,linden,Null,\N,Andy Linden,1922-04-05,American,http://en.wikipedia.org/wiki/Andy_Linden_(racing_driver)
613,613,teague,Null,\N,Marshall Teague,1921-02-22,American,http://en.wikipedia.org/wiki/Marshall_Teague
614,614,edmunds,Null,\N,Don Edmunds,1930-09-23,American,http://en.wikipedia.org/wiki/Don_Edmunds
615,615,agabashian,Null,\N,Fred Agabashian,1913-08-21,American,http://en.wikipedia.org/wiki/Fred_Agabashian
616,616,george,Null,\N,Elmer George,1928-07-15,American,http://en.wikipedia.org/wiki/Elmer_George
617,617,macdowel,Null,\N,Mike MacDowel,1932-09-13,British,http://en.wikipedia.org/wiki/Mike_MacDowel
618,618,mackay-fraser,Null,\N,Herbert MacKay-Fraser,1927-06-23,American,http://en.wikipedia.org/wiki/Herbert_MacKay-Fraser
619,619,gerard,Null,\N,Bob Gerard,1914-01-19,British,http://en.wikipedia.org/wiki/Bob_Gerard
620,620,maglioli,Null,\N,Umberto Maglioli,1928-06-05,Italian,http://en.wikipedia.org/wiki/Umberto_Maglioli
621,621,england,Null,\N,Paul England,1929-03-28,Australian,http://en.wikipedia.org/wiki/Paul_England
622,622,landi,Null,\N,Chico Landi,1907-07-14,Brazilian,http://en.wikipedia.org/wiki/Chico_Landi
623,623,uria,Null,\N,Alberto Uria,1924-07-11,Uruguayan,http://en.wikipedia.org/wiki/Alberto_Uria
624,624,ramos,Null,\N,Hernando da Silva Ramos,1925-12-07,Brazilian,http://en.wikipedia.org/wiki/Hernando_da_Silva_Ramos
625,625,bayol,Null,\N,Élie Bayol,1914-02-28,French,http://en.wikipedia.org/wiki/%C3%89lie_Bayol
626,626,manzon,Null,\N,Robert Manzon,1917-04-12,French,http://en.wikipedia.org/wiki/Robert_Manzon
627,627,rosier,Null,\N,Louis Rosier,1905-11-05,French,http://en.wikipedia.org/wiki/Louis_Rosier
628,628,sweikert,Null,\N,Bob Sweikert,1926-05-20,American,http://en.wikipedia.org/wiki/Bob_Sweikert
629,629,griffith,Null,\N,Cliff Griffith,1916-02-06,American,http://en.wikipedia.org/wiki/Cliff_Griffith
630,630,dinsmore,Null,\N,Duke Dinsmore,1913-04-10,American,http://en.wikipedia.org/wiki/Duke_Dinsmore
631,631,andrews,Null,\N,Keith Andrews,1920-06-15,American,http://en.wikipedia.org/wiki/Keith_Andrews_(driver)
632,632,frere,Null,\N,Paul Frère,1917-01-30,Belgian,http://en.wikipedia.org/wiki/Paul_Fr%C3%A8re
633,633,villoresi,Null,\N,Luigi Villoresi,1909-05-16,Italian,http://en.wikipedia.org/wiki/Luigi_Villoresi
634,634,scotti,Null,\N,Piero Scotti,1909-11-11,Italian,http://en.wikipedia.org/wiki/Piero_Scotti
635,635,chapman,Null,\N,Colin Chapman,1928-05-19,British,http://en.wikipedia.org/wiki/Colin_Chapman
636,636,titterington,Null,\N,Desmond Titterington,1928-05-01,British,http://en.wikipedia.org/wiki/Desmond_Titterington
637,637,scott_Brown,Null,\N,Archie Scott Brown,1927-05-13,British,http://en.wikipedia.org/wiki/Archie_Scott_Brown
638,638,volonterio,Null,\N,Ottorino Volonterio,1917-12-07,Swiss,http://en.wikipedia.org/wiki/Ottorino_Volonterio
639,639,milhoux,Null,\N,André Milhoux,1928-12-09,Belgian,http://en.wikipedia.org/wiki/Andr%C3%A9_Milhoux
640,640,graffenried,Null,\N,Toulo de Graffenried,1914-05-18,Swiss,http://en.wikipedia.org/wiki/Toulo_de_Graffenried
641,641,taruffi,Null,\N,Piero Taruffi,1906-10-12,Italian,http://en.wikipedia.org/wiki/Piero_Taruffi
642,642,farina,Null,\N,Nino Farina,1906-10-30,Italian,http://en.wikipedia.org/wiki/Nino_Farina
643,643,mieres,Null,\N,Roberto Mieres,1924-12-03,Argentine,http://en.wikipedia.org/wiki/Roberto_Mieres
644,644,mantovani,Null,\N,Sergio Mantovani,1929-05-22,Italian,http://en.wikipedia.org/wiki/Sergio_Mantovani
645,645,bucci,Null,\N,Clemar Bucci,1920-09-04,Argentine,http://en.wikipedia.org/wiki/Clemar_Bucci
646,646,iglesias,Null,\N,Jesús Iglesias,1922-02-22,Argentine,http://en.wikipedia.org/wiki/Jes%C3%BAs_Iglesias
647,647,ascari,Null,\N,Alberto Ascari,1918-07-13,Italian,http://en.wikipedia.org/wiki/Alberto_Ascari
648,648,kling,Null,\N,Karl Kling,1910-09-16,German,http://en.wikipedia.org/wiki/Karl_Kling
649,649,birger,Null,\N,Pablo Birger,1924-01-07,Argentine,http://en.wikipedia.org/wiki/Pablo_Birger
650,650,pollet,Null,\N,Jacques Pollet,1922-07-02,French,http://en.wikipedia.org/wiki/Jacques_Pollet
651,651,macklin,Null,\N,Lance Macklin,1919-09-02,British,http://en.wikipedia.org/wiki/Lance_Macklin
652,652,whiteaway,Null,\N,Ted Whiteaway,1928-11-01,British,http://en.wikipedia.org/wiki/Ted_Whiteaway
653,653,davies,Null,\N,Jimmy Davies,1929-08-08,American,http://en.wikipedia.org/wiki/Jimmy_Davies
654,654,faulkner,Null,\N,Walt Faulkner,1920-02-16,American,http://en.wikipedia.org/wiki/Walt_Faulkner
655,655,niday,Null,\N,Cal Niday,1914-04-29,American,http://en.wikipedia.org/wiki/Cal_Niday
656,656,cross,Null,\N,Art Cross,1918-01-24,American,http://en.wikipedia.org/wiki/Art_Cross
657,657,vukovich,Null,\N,Bill Vukovich,1918-12-13,American,http://en.wikipedia.org/wiki/Bill_Vukovich
658,658,mcgrath,Null,\N,Jack McGrath,1919-10-08,American,http://en.wikipedia.org/wiki/Jack_McGrath_(racing_driver)
659,659,hoyt,Null,\N,Jerry Hoyt,1929-01-29,American,http://en.wikipedia.org/wiki/Jerry_Hoyt
660,660,claes,Null,\N,Johnny Claes,1916-08-11,Belgian,http://en.wikipedia.org/wiki/Johnny_Claes
661,661,peter_walker,Null,\N,Peter Walker,1912-10-07,British,http://en.wikipedia.org/wiki/Peter_Walker_(driver)
662,662,sparken,Null,\N,Mike Sparken,1930-06-16,French,http://en.wikipedia.org/wiki/Mike_Sparken
663,663,wharton,Null,\N,Ken Wharton,1916-03-21,British,http://en.wikipedia.org/wiki/Ken_Wharton
664,664,mcalpine,Null,\N,Kenneth McAlpine,1920-09-21,British,http://en.wikipedia.org/wiki/Kenneth_McAlpine
665,665,marr,Null,\N,Leslie Marr,1922-08-14,British,http://en.wikipedia.org/wiki/Leslie_Marr
666,666,rolt,Null,\N,Tony Rolt,1918-10-16,British,http://en.wikipedia.org/wiki/Tony_Rolt
667,667,fitch,Null,\N,John Fitch,1917-08-04,American,http://en.wikipedia.org/wiki/John_Fitch_(driver)
668,668,lucas,Null,\N,Jean Lucas,1917-04-25,French,http://en.wikipedia.org/wiki/Jean_Lucas
669,669,bira,Null,\N,Prince Bira,1914-07-15,Thai,http://en.wikipedia.org/wiki/Prince_Bira
670,670,marimon,Null,\N,Onofre Marimón,1923-12-19,Argentine,http://en.wikipedia.org/wiki/Onofre_Marim%C3%B3n
671,671,loyer,Null,\N,Roger Loyer,1907-08-05,French,http://en.wikipedia.org/wiki/Roger_Loyer
672,672,daponte,Null,\N,Jorge Daponte,1923-06-05,Argentine,http://en.wikipedia.org/wiki/Jorge_Daponte
673,673,nazaruk,Null,\N,Mike Nazaruk,1921-10-02,American,http://en.wikipedia.org/wiki/Mike_Nazaruk
674,674,crockett,Null,\N,Larry Crockett,1926-10-23,American,http://en.wikipedia.org/wiki/Larry_Crockett
675,675,ayulo,Null,\N,Manny Ayulo,1921-10-20,American,http://en.wikipedia.org/wiki/Manny_Ayulo
676,676,armi,Null,\N,Frank Armi,1918-10-12,American,http://en.wikipedia.org/wiki/Frank_Armi
677,677,webb,Null,\N,Travis Webb,1910-10-08,American,http://en.wikipedia.org/wiki/Travis_Webb
678,678,duncan,Null,\N,Len Duncan,1911-07-25,American,http://en.wikipedia.org/wiki/Len_Duncan
679,679,mccoy,Null,\N,Ernie McCoy,1921-02-19,American,http://en.wikipedia.org/wiki/Ernie_McCoy
680,680,swaters,Null,\N,Jacques Swaters,1926-10-30,American,http://en.wikipedia.org/wiki/Jacques_Swaters
681,681,georges_berger,Null,\N,Georges Berger,1918-09-14,Belgian,http://en.wikipedia.org/wiki/Georges_Berger
682,682,beauman,Null,\N,Don Beauman,1928-07-26,British,http://en.wikipedia.org/wiki/Don_Beauman
683,683,thorne,Null,\N,Leslie Thorne,1916-06-23,British,http://en.wikipedia.org/wiki/Leslie_Thorne
684,684,whitehouse,Null,\N,Bill Whitehouse,1909-04-01,British,http://en.wikipedia.org/wiki/Bill_Whitehouse
685,685,riseley_prichard,Null,\N,John Riseley-Prichard,1924-01-17,British,http://en.wikipedia.org/wiki/John_Riseley-Prichard
686,686,reg_parnell,Null,\N,Reg Parnell,1911-07-02,British,http://en.wikipedia.org/wiki/Reg_Parnell
687,687,whitehead,Null,\N,Peter Whitehead,1914-11-12,British,http://en.wikipedia.org/wiki/Peter_Whitehead_(racing_driver)
688,688,brandon,Null,\N,Eric Brandon,1920-07-18,British,http://en.wikipedia.org/wiki/Eric_Brandon
689,689,alan_brown,Null,\N,Alan Brown,1919-11-20,British,http://en.wikipedia.org/wiki/Alan_Brown_(racing_driver)
690,690,nuckey,Null,\N,Rodney Nuckey,1929-06-26,British,http://en.wikipedia.org/wiki/Rodney_Nuckey
691,691,lang,Null,\N,Hermann Lang,1909-04-06,German,http://en.wikipedia.org/wiki/Hermann_Lang
692,692,helfrich,Null,\N,Theo Helfrich,1913-05-13,German,http://en.wikipedia.org/wiki/Theo_Helfrich
693,693,wacker,Null,\N,Fred Wacker,1918-07-10,American,http://en.wikipedia.org/wiki/Fred_Wacker
694,694,riu,Null,\N,Giovanni de Riu,1925-03-10,Italian,http://en.wikipedia.org/wiki/Giovanni_de_Riu
695,695,galvez,Null,\N,Oscar Gálvez,1913-08-17,Argentine,http://en.wikipedia.org/wiki/%C3%93scar_Alfredo_G%C3%A1lvez
696,696,john_barber,Null,\N,John Barber,1929-07-22,British,http://en.wikipedia.org/wiki/John_Barber_(racing_driver)
697,697,bonetto,Null,\N,Felice Bonetto,1903-06-09,Italian,http://en.wikipedia.org/wiki/Felice_Bonetto
698,698,cruz,Null,\N,Adolfo Cruz,1923-06-28,Argentine,http://en.wikipedia.org/wiki/Adolfo_Schewelm_Cruz
699,699,nalon,Null,\N,Duke Nalon,1913-03-02,American,http://en.wikipedia.org/wiki/Duke_Nalon
700,700,scarborough,Null,\N,Carl Scarborough,1914-07-03,American,http://en.wikipedia.org/wiki/Carl_Scarborough
701,701,holland,Null,\N,Bill Holland,1907-12-18,American,http://en.wikipedia.org/wiki/Bill_Holland
702,702,bob_scott,Null,\N,Bob Scott,1928-10-04,American,http://en.wikipedia.org/wiki/Bob_Scott_(auto_racer)
703,703,legat,Null,\N,Arthur Legat,1898-11-01,Belgian,http://en.wikipedia.org/wiki/Arthur_Legat
704,704,cabantous,Null,\N,Yves Cabantous,1904-10-08,French,http://en.wikipedia.org/wiki/Yves_Giraud_Cabantous
705,705,crook,Null,\N,Tony Crook,1920-02-16,British,http://en.wikipedia.org/wiki/Tony_Crook
706,706,jimmy_stewart,Null,\N,Jimmy Stewart,1931-03-06,British,http://en.wikipedia.org/wiki/Jimmy_Stewart_(racing_driver)
707,707,ian_stewart,Null,\N,Ian Stewart,1929-07-15,British,http://en.wikipedia.org/wiki/Ian_Stewart_(racing_driver)
708,708,duncan_hamilton,Null,\N,Duncan Hamilton,1920-04-30,British,http://en.wikipedia.org/wiki/Duncan_Hamilton_(racing_driver)
709,709,klodwig,Null,\N,Ernst Klodwig,1903-05-23,East German,http://en.wikipedia.org/wiki/Ernst_Klodwig
710,710,krause,Null,\N,Rudolf Krause,1907-03-30,East German,http://en.wikipedia.org/wiki/Rudolf_Krause
711,711,karch,Null,\N,Oswald Karch,1917-03-06,German,http://en.wikipedia.org/wiki/Oswald_Karch
712,712,heeks,Null,\N,Willi Heeks,1922-02-13,German,http://en.wikipedia.org/wiki/Willi_Heeks
713,713,fitzau,Null,\N,Theo Fitzau,1923-02-10,East German,http://en.wikipedia.org/wiki/Theo_Fitzau
714,714,adolff,Null,\N,Kurt Adolff,1921-11-05,German,http://en.wikipedia.org/wiki/Kurt_Adolff
715,715,bechem,Null,\N,Günther Bechem,1921-12-21,German,http://en.wikipedia.org/wiki/G%C3%BCnther_Bechem
716,716,bauer,Null,\N,Erwin Bauer,1912-07-17,German,http://en.wikipedia.org/wiki/Erwin_Bauer
717,717,hans_stuck,Null,\N,Hans von Stuck,1900-12-27,German,http://en.wikipedia.org/wiki/Hans_Von_Stuck
718,718,loof,Null,\N,Ernst Loof,1907-07-04,German,http://en.wikipedia.org/wiki/Ernst_Loof
719,719,scherrer,Null,\N,Albert Scherrer,1908-02-28,Swiss,http://en.wikipedia.org/wiki/Albert_Scherrer
720,720,terra,Null,\N,Max de Terra,1918-10-06,Swiss,http://en.wikipedia.org/wiki/Max_de_Terra
721,721,hirt,Null,\N,Peter Hirt,1910-03-30,Swiss,http://en.wikipedia.org/wiki/Peter_Hirt
722,722,carini,Null,\N,Piero Carini,1921-03-06,Italian,http://en.wikipedia.org/wiki/Piero_Carini
723,723,fischer,Null,\N,Rudi Fischer,1912-04-19,Swiss,http://en.wikipedia.org/wiki/Rudi_Fischer
724,724,ulmen,Null,\N,Toni Ulmen,1906-01-25,German,http://en.wikipedia.org/wiki/Toni_Ulmen
725,725,abecassis,Null,\N,George Abecassis,1913-03-21,British,http://en.wikipedia.org/wiki/George_Abecassis
726,726,george_connor,Null,\N,George Connor,1906-08-16,American,http://en.wikipedia.org/wiki/George_Connor_(driver)
727,727,rigsby,Null,\N,Jim Rigsby,1923-06-06,American,http://en.wikipedia.org/wiki/Jim_Rigsby
728,728,james,Null,\N,Joe James,1925-05-23,American,http://en.wikipedia.org/wiki/Joe_James_(racing_driver)
729,729,schindler,Null,\N,Bill Schindler,1909-03-06,American,http://en.wikipedia.org/wiki/Bill_Schindler
730,730,fonder,Null,\N,George Fonder,1917-06-22,American,http://en.wikipedia.org/wiki/George_Fonder
731,731,banks,Null,\N,Henry Banks,1913-06-14,American,http://en.wikipedia.org/wiki/Henry_Banks
732,732,mcdowell,Null,\N,Johnny McDowell,1915-01-29,American,http://en.wikipedia.org/wiki/Johnny_McDowell
733,733,miller,Null,\N,Chet Miller,1902-07-19,American,http://en.wikipedia.org/wiki/Chet_Miller
734,734,ball,Null,\N,Bobby Ball,1925-08-26,American,http://en.wikipedia.org/wiki/Bobby_Ball_(auto_racer)
735,735,tornaco,Null,\N,Charles de Tornaco,1927-06-07,Belgian,http://en.wikipedia.org/wiki/Charles_de_Tornaco
736,736,laurent,Null,\N,Roger Laurent,1913-02-21,Belgian,http://en.wikipedia.org/wiki/Roger_Laurent
737,737,obrien,Null,\N,Robert O'Brien,1908-04-11,American,http://en.wikipedia.org/wiki/Robert_O%27Brien_(auto_racer)
738,738,gaze,Null,\N,Tony Gaze,1920-02-03,Australian,http://en.wikipedia.org/wiki/Tony_Gaze
739,739,charrington,Null,\N,Robin Montgomerie-Charrington,1915-06-23,British,http://en.wikipedia.org/wiki/Robin_Montgomerie-Charrington
740,740,comotti,Null,\N,Franco Comotti,1906-07-24,Italian,http://en.wikipedia.org/wiki/Franco_Comotti
741,741,etancelin,Null,\N,Philippe Étancelin,1896-12-28,French,http://en.wikipedia.org/wiki/Philippe_%C3%89tancelin
742,742,poore,Null,\N,Dennis Poore,1916-08-19,British,http://en.wikipedia.org/wiki/Dennis_Poore
743,743,thompson,Null,\N,Eric Thompson,1919-11-04,British,http://en.wikipedia.org/wiki/Eric_Thompson_(racing_driver)
744,744,downing,Null,\N,Ken Downing,1917-12-05,British,http://en.wikipedia.org/wiki/Ken_Downing
745,745,graham_whitehead,Null,\N,Graham Whitehead,1922-04-15,British,http://en.wikipedia.org/wiki/Graham_Whitehead
746,746,bianco,Null,\N,Gino Bianco,1916-07-22,Brazilian,http://en.wikipedia.org/wiki/Gino_Bianco
747,747,murray,Null,\N,David Murray,1909-12-28,British,http://en.wikipedia.org/wiki/David_Murray_(driver)
748,748,cantoni,Null,\N,Eitel Cantoni,1906-10-04,Uruguayan,http://en.wikipedia.org/wiki/Eitel_Cantoni
749,749,aston,Null,\N,Bill Aston,1900-03-29,British,http://en.wikipedia.org/wiki/Bill_Aston
750,750,brudes,Null,\N,Adolf Brudes,1899-10-15,German,http://en.wikipedia.org/wiki/Adolf_Brudes
751,751,riess,Null,\N,Fritz Riess,1922-07-11,German,http://en.wikipedia.org/wiki/Fritz_Riess
752,752,niedermayr,Null,\N,Helmut Niedermayr,1915-11-29,German,http://en.wikipedia.org/wiki/Helmut_Niedermayr
753,753,klenk,Null,\N,Hans Klenk,1919-10-28,German,http://en.wikipedia.org/wiki/Hans_Klenk
754,754,balsa,Null,\N,Marcel Balsa,1909-01-01,French,http://en.wikipedia.org/wiki/Marcel_Balsa
755,755,schoeller,Null,\N,Rudolf Schoeller,1902-04-27,Swiss,http://en.wikipedia.org/wiki/Rudolf_Schoeller
756,756,pietsch,Null,\N,Paul Pietsch,1911-06-20,German,http://en.wikipedia.org/wiki/Paul_Pietsch
757,757,peters,Null,\N,Josef Peters,1914-09-16,German,http://en.wikipedia.org/wiki/Josef_Peters_(driver)
758,758,lof,Null,\N,Dries van der Lof,1919-08-23,Dutch,http://en.wikipedia.org/wiki/Dries_van_der_Lof
759,759,flinterman,Null,\N,Jan Flinterman,1919-10-02,Dutch,http://en.wikipedia.org/wiki/Jan_Flinterman
760,760,dusio,Null,\N,Piero Dusio,1899-10-13,Italian,http://en.wikipedia.org/wiki/Piero_Dusio
761,761,crespo,Null,\N,Alberto Crespo,1920-01-16,Argentine,http://en.wikipedia.org/wiki/Alberto_Crespo
762,762,rol,Null,\N,Franco Rol,1908-06-05,Italian,http://en.wikipedia.org/wiki/Franco_Rol
763,763,sanesi,Null,\N,Consalvo Sanesi,1911-03-28,Italian,http://en.wikipedia.org/wiki/Consalvo_Sanesi
764,764,guy_mairesse,Null,\N,Guy Mairesse,1910-08-10,French,http://en.wikipedia.org/wiki/Guy_Mairesse
765,765,louveau,Null,\N,Henri Louveau,1910-01-25,French,http://en.wikipedia.org/wiki/Henri_Louveau
766,766,wallard,Null,\N,Lee Wallard,1910-09-07,American,http://en.wikipedia.org/wiki/Lee_Wallard
767,767,forberg,Null,\N,Carl Forberg,1911-03-04,American,http://en.wikipedia.org/wiki/Carl_Forberg
768,768,rose,Null,\N,Mauri Rose,1906-05-26,American,http://en.wikipedia.org/wiki/Mauri_Rose
769,769,mackey,Null,\N,Bill Mackey,1927-12-15,American,http://en.wikipedia.org/wiki/Bill_Mackey
770,770,green,Null,\N,Cecil Green,1919-09-30,American,http://en.wikipedia.org/wiki/Cecil_Green
771,771,walt_brown,Null,\N,Walt Brown,1911-12-30,American,http://en.wikipedia.org/wiki/Walt_Brown_(auto_racer)
772,772,hellings,Null,\N,Mack Hellings,1915-09-14,American,http://en.wikipedia.org/wiki/Mack_Hellings
773,773,levegh,Null,\N,Pierre Levegh,1905-12-22,French,http://en.wikipedia.org/wiki/Pierre_Levegh
774,774,chaboud,Null,\N,Eugène Chaboud,1907-04-12,French,http://en.wikipedia.org/wiki/Eug%C3%A8ne_Chaboud
775,775,gordini,Null,\N,Aldo Gordini,1921-05-20,French,http://en.wikipedia.org/wiki/Aldo_Gordini
776,776,kelly,Null,\N,Joe Kelly,1913-03-13,Irish,http://en.wikipedia.org/wiki/Joe_Kelly_(Formula_One)
777,777,parker,Null,\N,Philip Fotheringham-Parker,1907-09-22,British,http://en.wikipedia.org/wiki/Philip_Fotheringham-Parker
778,778,shawe_taylor,Null,\N,Brian Shawe Taylor,1915-01-28,British,http://en.wikipedia.org/wiki/Brian_Shawe_Taylor
779,779,john_james,Null,\N,John James,1914-05-10,British,http://en.wikipedia.org/wiki/John_James_(auto_racer)
780,780,branca,Null,\N,Toni Branca,1916-09-15,Swiss,http://en.wikipedia.org/wiki/Toni_Branca
781,781,richardson,Null,\N,Ken Richardson,1911-08-21,British,http://en.wikipedia.org/wiki/Ken_Richardson_(race_car_driver)
782,782,jover,Null,\N,Juan Jover,1903-11-23,Spanish,http://en.wikipedia.org/wiki/Juan_Jover
783,783,grignard,Null,\N,Georges Grignard,1905-07-25,French,http://en.wikipedia.org/wiki/Georges_Grignard
784,784,hampshire,Null,\N,David Hampshire,1917-12-29,British,http://en.wikipedia.org/wiki/David_Hampshire
785,785,crossley,Null,\N,Geoff Crossley,1921-05-11,British,http://en.wikipedia.org/wiki/Geoff_Crossley
786,786,fagioli,Null,\N,Luigi Fagioli,1898-06-09,Italian,http://en.wikipedia.org/wiki/Luigi_Fagioli
787,787,harrison,Null,\N,Cuth Harrison,1906-07-06,British,http://en.wikipedia.org/wiki/Cuth_Harrison
788,788,fry,Null,\N,Joe Fry,1915-10-26,British,http://en.wikipedia.org/wiki/Joe_Fry
789,789,martin,Null,\N,Eugène Martin,1915-03-24,French,http://en.wikipedia.org/wiki/Eug%C3%A8ne_Martin
790,790,leslie_johnson,Null,\N,Leslie Johnson,1912-03-22,British,http://en.wikipedia.org/wiki/Leslie_Johnson_(racing_driver)
791,791,biondetti,Null,\N,Clemente Biondetti,1898-08-18,Italian,http://en.wikipedia.org/wiki/Clemente_Biondetti
792,792,pian,Null,\N,Alfredo Pián,1912-10-21,Argentine,http://en.wikipedia.org/wiki/Alfredo_Pi%C3%A0n
793,793,sommer,Null,\N,Raymond Sommer,1906-08-31,French,http://en.wikipedia.org/wiki/Raymond_Sommer
794,794,chitwood,Null,\N,Joie Chitwood,1912-04-14,American,http://en.wikipedia.org/wiki/Joie_Chitwood
795,795,fohr,Null,\N,Myron Fohr,1912-06-17,American,http://en.wikipedia.org/wiki/Myron_Fohr
796,796,ader,Null,\N,Walt Ader,1913-12-15,American,http://en.wikipedia.org/wiki/Walt_Ader
797,797,holmes,Null,\N,Jackie Holmes,1920-09-04,American,http://en.wikipedia.org/wiki/Jackie_Holmes
798,798,levrett,Null,\N,Bayliss Levrett,1914-02-14,American,http://en.wikipedia.org/wiki/Bayliss_Levrett
799,799,jackson,Null,\N,Jimmy Jackson,1910-07-25,American,http://en.wikipedia.org/wiki/Jimmy_Jackson_(driver)
800,800,pagani,Null,\N,Nello Pagani,1911-10-11,Italian,http://en.wikipedia.org/wiki/Nello_Pagani
801,801,pozzi,Null,\N,Charles Pozzi,1909-08-27,French,http://en.wikipedia.org/wiki/Charles_Pozzi
802,802,serafini,Null,\N,Dorino Serafini,1909-07-22,Italian,http://en.wikipedia.org/wiki/Dorino_Serafini
803,803,cantrell,Null,\N,Bill Cantrell,1908-01-31,American,http://en.wikipedia.org/wiki/William_Cantrell
804,804,mantz,Null,\N,Johnny Mantz,1918-09-18,American,http://en.wikipedia.org/wiki/Johnny_Mantz
805,805,kladis,Null,\N,Danny Kladis,1917-02-10,American,http://en.wikipedia.org/wiki/Danny_Kladis
806,806,oscar_gonzalez,Null,\N,Óscar González,1923-11-10,Uruguayan,http://en.wikipedia.org/wiki/Oscar_Gonz%C3%A1lez_(racing_driver)
807,807,hulkenberg,27,HUL,Nico Hülkenberg,1987-08-19,German,http://en.wikipedia.org/wiki/Nico_H%C3%BClkenberg
808,808,petrov,Null,PET,Vitaly Petrov,1984-09-08,Russian,http://en.wikipedia.org/wiki/Vitaly_Petrov
809,810,grassi,Null,DIG,Lucas di Grassi,1984-08-11,Brazilian,http://en.wikipedia.org/wiki/Lucas_di_Grassi
810,811,bruno_senna,Null,SEN,Bruno Senna,1983-10-15,Brazilian,http://en.wikipedia.org/wiki/Bruno_Senna
811,812,chandhok,Null,CHA,Karun Chandhok,1984-01-19,Indian,http://en.wikipedia.org/wiki/Karun_Chandhok
812,813,maldonado,13,MAL,Pastor Maldonado,1985-03-09,Venezuelan,http://en.wikipedia.org/wiki/Pastor_Maldonado
813,814,resta,Null,DIR,Paul di Resta,1986-04-16,British,http://en.wikipedia.org/wiki/Paul_di_Resta
814,815,perez,11,PER,Sergio Pérez,1990-01-26,Mexican,http://en.wikipedia.org/wiki/Sergio_P%C3%A9rez
815,816,ambrosio,Null,DAM,Jérôme d'Ambrosio,1985-12-27,Belgian,http://en.wikipedia.org/wiki/J%C3%A9r%C3%B4me_d%27Ambrosio
816,817,ricciardo,3,RIC,Daniel Ricciardo,1989-07-01,Australian,http://en.wikipedia.org/wiki/Daniel_Ricciardo
817,818,vergne,25,VER,Jean-Éric Vergne,1990-04-25,French,http://en.wikipedia.org/wiki/Jean-%C3%89ric_Vergne
818,819,pic,Null,PIC,Charles Pic,1990-02-15,French,http://en.wikipedia.org/wiki/Charles_Pic
819,820,chilton,4,CHI,Max Chilton,1991-04-21,British,http://en.wikipedia.org/wiki/Max_Chilton
820,821,gutierrez,21,GUT,Esteban Gutiérrez,1991-08-05,Mexican,http://en.wikipedia.org/wiki/Esteban_Guti%C3%A9rrez
821,822,bottas,77,BOT,Valtteri Bottas,1989-08-28,Finnish,http://en.wikipedia.org/wiki/Valtteri_Bottas
822,823,garde,Null,VDG,Giedo van der Garde,1985-04-25,Dutch,http://en.wikipedia.org/wiki/Giedo_van_der_Garde
823,824,jules_bianchi,17,BIA,Jules Bianchi,1989-08-03,French,http://en.wikipedia.org/wiki/Jules_Bianchi
824,825,kevin_magnussen,20,MAG,Kevin Magnussen,1992-10-05,Danish,http://en.wikipedia.org/wiki/Kevin_Magnussen
825,826,kvyat,26,KVY,Daniil Kvyat,1994-04-26,Russian,http://en.wikipedia.org/wiki/Daniil_Kvyat
826,827,lotterer,45,LOT,André Lotterer,1981-11-19,German,http://en.wikipedia.org/wiki/Andr%C3%A9_Lotterer
827,828,ericsson,9,ERI,Marcus Ericsson,1990-09-02,Swedish,http://en.wikipedia.org/wiki/Marcus_Ericsson
828,829,stevens,28,STE,Will Stevens,1991-06-28,British,http://en.wikipedia.org/wiki/Will_Stevens
829,830,max_verstappen,33,VER,Max Verstappen,1997-09-30,Dutch,http://en.wikipedia.org/wiki/Max_Verstappen
830,831,nasr,12,NAS,Felipe Nasr,1992-08-21,Brazilian,http://en.wikipedia.org/wiki/Felipe_Nasr
831,832,sainz,55,SAI,Carlos Sainz,1994-09-01,Spanish,http://en.wikipedia.org/wiki/Carlos_Sainz_Jr.
832,833,merhi,98,MER,Roberto Merhi,1991-03-22,Spanish,http://en.wikipedia.org/wiki/Roberto_Merhi
833,834,rossi,53,RSS,Alexander Rossi,1991-09-25,American,http://en.wikipedia.org/wiki/Alexander_Rossi_%28racing_driver%29
834,835,jolyon_palmer,30,PAL,Jolyon Palmer,1991-01-20,British,http://en.wikipedia.org/wiki/Jolyon_Palmer
835,836,wehrlein,94,WEH,Pascal Wehrlein,1994-10-18,German,http://en.wikipedia.org/wiki/Pascal_Wehrlein
836,837,haryanto,88,HAR,Rio Haryanto,1993-01-22,Indonesian,http://en.wikipedia.org/wiki/Rio_Haryanto
837,838,vandoorne,2,VAN,Stoffel Vandoorne,1992-03-26,Belgian,http://en.wikipedia.org/wiki/Stoffel_Vandoorne
838,839,ocon,31,OCO,Esteban Ocon,1996-09-17,French,http://en.wikipedia.org/wiki/Esteban_Ocon
839,840,stroll,18,STR,Lance Stroll,1998-10-29,Canadian,http://en.wikipedia.org/wiki/Lance_Stroll
840,841,giovinazzi,99,GIO,Antonio Giovinazzi,1993-12-14,Italian,http://en.wikipedia.org/wiki/Antonio_Giovinazzi
841,843,brendon_hartley,28,HAR,Brendon Hartley,1989-11-10,New Zealander,http://en.wikipedia.org/wiki/Brendon_Hartley
842,844,leclerc,16,LEC,Charles Leclerc,1997-10-16,Monegasque,http://en.wikipedia.org/wiki/Charles_Leclerc
843,845,sirotkin,35,SIR,Sergey Sirotkin,1995-08-27,Russian,http://en.wikipedia.org/wiki/Sergey_Sirotkin_(racing_driver)
844,846,norris,4,NOR,Lando Norris,1999-11-13,British,http://en.wikipedia.org/wiki/Lando_Norris
845,847,russell,63,RUS,George Russell,1998-02-15,British,http://en.wikipedia.org/wiki/George_Russell_%28racing_driver%29
846,848,albon,23,ALB,Alexander Albon,1996-03-23,Thai,http://en.wikipedia.org/wiki/Alexander_Albon
847,849,latifi,6,LAT,Nicholas Latifi,1995-06-29,Canadian,http://en.wikipedia.org/wiki/Nicholas_Latifi
848,850,pietro_fittipaldi,51,FIT,Pietro Fittipaldi,1996-06-25,Brazilian,http://en.wikipedia.org/wiki/Pietro_Fittipaldi
849,851,aitken,89,AIT,Jack Aitken,1995-09-23,British,http://en.wikipedia.org/wiki/Jack_Aitken
850,852,tsunoda,Null,TSU,Yuki Tsunoda,2000-05-11,Japanese,http://en.wikipedia.org/wiki/Yuki_Tsunoda
851,853,mazepin,Null,MAZ,Nikita Mazepin,1999-03-02,Russian,http://en.wikipedia.org/wiki/Nikita_Mazepin
852,854,mick_schumacher,Null,SCH,Mick Schumacher,1999-03-22,German,http://en.wikipedia.org/wiki/Mick_Schumacher
